StudyHours,Attendance,PreviousScore,AssignmentsCompleted,SleepHours,FinalResult
6,98,99,3,5,Pass
3,77,100,4,9,Pass
10,74,59,6,5,Pass
7,65,49,5,9,Pass
4,51,62,8,8,Fail
6,67,80,5,5,Fail
9,66,73,8,8,Pass
2,79,99,3,6,Fail
6,88,85,0,6,Pass
10,62,87,0,9,Pass
10,81,72,9,9,Pass
7,99,73,6,5,Pass
4,78,78,2,6,Fail
3,95,100,1,7,Fail
7,79,49,5,7,Pass
7,67,93,5,7,Pass
2,62,59,6,6,Fail
5,92,40,4,7,Fail
4,70,52,7,8,Fail
1,79,40,6,4,Fail
7,70,44,1,9,Fail
5,97,55,0,5,Fail
1,66,54,8,8,Fail
4,89,88,4,7,Pass
0,68,67,10,4,Fail
9,64,70,4,5,Pass
5,58,62,9,8,Fail
8,59,87,3,5,Pass
0,93,84,1,9,Fail
10,80,82,4,6,Pass
10,72,56,1,7,Fail
9,79,88,6,8,Pass
2,82,73,10,8,Pass
6,58,52,8,4,Pass
3,96,53,8,4,Pass
8,50,50,10,4,Pass
2,93,67,5,5,Fail
4,84,81,0,7,Fail
2,60,71,5,5,Fail
6,83,74,4,7,Pass
4,65,100,3,8,Fail
8,58,98,5,5,Pass
6,81,70,5,5,Pass
1,64,56,5,5,Fail
3,61,86,1,6,Fail
8,82,48,6,9,Pass
1,94,49,3,7,Fail
9,63,47,8,7,Pass
8,57,60,9,5,Pass
9,57,52,1,6,Fail
4,76,98,4,5,Fail
1,61,89,3,7,Fail
3,50,44,8,9,Fail
6,92,45,3,9,Fail
7,89,69,7,8,Pass
2,91,70,7,6,Fail
0,100,56,5,9,Fail
3,60,50,5,6,Fail
1,88,59,10,5,Fail
7,92,87,7,8,Pass
3,80,48,9,7,Pass
1,66,41,8,9,Fail
5,82,76,4,9,Fail
5,81,40,10,4,Fail
9,78,43,0,7,Fail
3,70,75,0,9,Fail
5,70,93,1,9,Fail
1,89,97,9,7,Pass
9,72,64,9,8,Pass
1,55,42,4,6,Fail
9,71,48,3,7,Pass
3,99,61,0,6,Fail
7,87,62,3,8,Pass
6,86,51,3,8,Fail
8,94,49,9,5,Pass
7,100,73,3,4,Pass
4,57,82,0,8,Fail
1,90,49,8,8,Fail
4,98,69,2,6,Fail
7,84,61,3,8,Fail
9,100,45,4,7,Pass
8,60,89,6,5,Pass
8,73,41,5,5,Pass
0,98,69,4,7,Fail
8,70,41,7,9,Pass
6,100,71,0,8,Fail
8,51,81,6,4,Pass
7,89,55,5,8,Fail
0,68,51,10,5,Fail
7,88,40,4,4,Fail
7,77,92,6,9,Pass
10,66,47,2,6,Fail
2,55,87,0,6,Fail
0,68,89,8,8,Fail
7,87,52,1,8,Fail
2,77,54,9,4,Pass
2,51,92,2,4,Fail
0,87,83,7,9,Pass
10,86,47,9,8,Pass
4,100,49,8,5,Pass
9,53,85,2,6,Pass
6,71,44,5,9,Pass
9,75,89,6,4,Pass
8,98,58,0,5,Pass
6,92,86,6,8,Pass
8,85,77,3,7,Pass
7,62,98,4,4,Fail
1,81,50,7,9,Fail
0,66,92,3,7,Fail
6,90,82,3,5,Fail
6,85,59,7,6,Pass
7,95,59,4,5,Pass
4,68,60,5,6,Pass
2,84,57,10,5,Fail
7,95,96,4,4,Pass
5,89,89,0,4,Fail
10,77,49,6,9,Pass
2,50,73,5,7,Fail
0,91,65,1,5,Fail
2,67,69,10,5,Pass
4,97,48,6,7,Fail
2,89,85,5,8,Fail
0,82,90,4,9,Fail
4,61,70,7,5,Fail
9,57,81,4,9,Pass
6,73,94,10,5,Pass
6,65,43,1,5,Fail
10,99,100,5,8,Pass
8,53,100,0,4,Pass
9,87,45,4,9,Pass
9,93,53,5,7,Pass
2,76,43,6,9,Fail
6,58,65,1,8,Fail
0,96,86,0,6,Fail
3,65,87,5,6,Fail
3,61,78,2,8,Fail
4,80,56,4,8,Fail
6,73,58,10,4,Pass
6,63,100,1,9,Pass
10,94,90,0,9,Pass
3,74,88,0,6,Fail
6,83,45,10,7,Pass
10,52,68,3,9,Pass
2,73,50,9,5,Pass
5,91,55,1,5,Fail
1,58,69,0,4,Fail
9,75,64,5,4,Pass
8,69,79,3,6,Fail
4,89,50,9,7,Pass
5,59,46,6,7,Fail
3,68,65,10,8,Pass
10,52,95,5,4,Pass
9,73,61,4,9,Pass
6,54,64,9,5,Pass
8,52,58,1,9,Fail
6,76,70,4,5,Pass
0,65,65,8,6,Fail
0,98,81,8,5,Pass
8,64,80,1,9,Pass
10,84,75,6,9,Pass
8,61,62,9,7,Pass
3,90,86,3,7,Fail
8,93,52,2,4,Fail
2,75,64,10,9,Pass
6,96,41,0,6,Fail
5,83,41,2,5,Fail
7,72,55,10,4,Pass
10,80,48,8,8,Pass
8,99,67,8,8,Pass
4,69,52,6,5,Fail
0,61,74,2,5,Fail
2,72,80,2,5,Fail
9,53,52,3,7,Fail
7,72,70,6,5,Pass
10,97,60,6,8,Pass
5,97,71,1,5,Fail
7,50,93,4,9,Pass
8,74,73,6,6,Pass
3,51,47,6,8,Fail
0,79,98,5,6,Pass
0,52,80,9,8,Fail
9,70,87,9,4,Pass
3,74,41,7,9,Fail
6,69,77,2,8,Pass
1,98,71,0,9,Fail
2,71,93,2,8,Fail
0,70,79,10,6,Pass
4,82,97,1,6,Fail
0,87,67,1,8,Fail
7,64,76,1,8,Fail
0,95,80,4,7,Fail
10,64,40,0,9,Pass
0,95,80,9,9,Pass
1,74,49,3,9,Fail
1,70,94,9,9,Pass
5,73,43,4,4,Fail
6,54,74,1,4,Fail
4,55,49,4,5,Fail
0,98,86,9,8,Pass
0,92,50,3,8,Fail
2,97,53,7,8,Pass
1,93,77,0,8,Fail
4,96,51,4,9,Fail
9,72,84,10,9,Pass
5,53,56,9,4,Pass
6,76,55,0,6,Fail
3,67,74,9,7,Pass
6,70,41,9,9,Pass
10,77,50,3,9,Pass
7,84,100,7,9,Pass
10,71,80,0,6,Pass
0,89,42,10,6,Pass
5,72,68,1,4,Fail
7,52,57,0,9,Fail
4,89,59,10,7,Pass
3,99,86,6,8,Pass
1,59,53,1,9,Fail
5,74,73,0,4,Fail
5,98,88,5,4,Pass
10,57,93,5,7,Pass
0,60,70,9,5,Fail
8,54,97,1,4,Pass
10,94,79,0,6,Pass
5,86,81,9,6,Pass
2,94,97,2,8,Pass
3,87,57,9,4,Pass
10,78,69,4,8,Pass
3,54,64,5,4,Fail
2,58,100,2,7,Fail
9,97,58,8,9,Pass
2,51,47,10,4,Fail
2,50,67,4,5,Fail
3,89,47,1,6,Fail
6,100,70,9,7,Pass
3,79,42,5,9,Pass
8,60,42,7,9,Pass
0,77,83,10,6,Pass
7,93,61,5,9,Pass
6,61,56,3,8,Fail
1,88,75,5,7,Fail
7,75,56,7,5,Pass
0,62,53,7,6,Fail
10,57,90,9,4,Pass
8,77,48,1,4,Fail
8,79,69,7,4,Pass
1,58,60,5,7,Fail
6,88,51,1,5,Fail
9,80,76,0,9,Fail
2,70,71,5,5,Fail
6,96,50,6,5,Pass
9,83,59,9,6,Pass
8,80,74,4,7,Pass
3,74,92,9,4,Pass
0,61,86,7,6,Fail
1,50,85,10,9,Pass
0,71,50,8,5,Fail
4,89,91,3,4,Pass
4,86,47,6,7,Fail
10,96,43,7,8,Pass
6,50,66,5,5,Pass
8,50,83,1,5,Pass
8,91,79,6,5,Pass
2,91,77,8,5,Pass
2,70,86,4,4,Pass
2,64,69,1,7,Fail
3,66,83,3,6,Fail
7,71,87,2,4,Fail
5,87,87,3,7,Pass
7,84,66,9,6,Pass
0,94,60,6,5,Fail
7,65,91,9,7,Pass
3,57,59,7,5,Fail
10,96,99,0,7,Pass
0,66,43,7,9,Fail
7,66,50,4,8,Fail
3,75,52,6,5,Fail
5,62,100,10,5,Pass
7,66,48,10,5,Pass
3,87,43,0,9,Fail
2,66,51,1,4,Fail
8,97,48,0,6,Fail
2,63,52,4,5,Fail
8,94,87,5,5,Pass
1,55,65,9,4,Fail
1,84,77,8,4,Pass
1,95,81,7,8,Pass
5,63,52,6,7,Fail
2,96,78,4,5,Fail
8,57,67,2,7,Pass
3,64,97,8,4,Pass
0,76,58,4,4,Fail
3,62,63,2,8,Fail
0,98,58,2,6,Fail
4,80,88,2,9,Pass
3,84,52,5,9,Fail
7,55,52,0,9,Fail
7,54,97,10,4,Pass
6,71,67,3,5,Fail
2,98,92,7,8,Pass
0,72,41,2,6,Fail
0,74,49,4,9,Fail
10,83,61,1,8,Fail
2,75,52,1,4,Fail
5,96,97,10,9,Pass
6,54,48,6,6,Fail
5,75,72,9,7,Pass
5,69,53,2,6,Fail
5,55,100,4,5,Pass
2,55,87,2,9,Fail
5,99,59,5,9,Pass
7,67,54,9,7,Pass
10,53,71,2,7,Pass
10,66,72,7,9,Pass
1,63,56,1,5,Fail
4,63,63,2,7,Fail
0,62,69,7,4,Fail
0,56,52,7,9,Fail
4,93,98,0,6,Fail
2,64,86,7,6,Fail
3,68,87,9,5,Pass
2,92,55,1,4,Fail
0,96,41,6,7,Fail
0,93,56,5,9,Fail
4,84,71,1,6,Fail
5,66,82,4,6,Pass
2,84,47,6,6,Fail
8,68,91,7,6,Pass
4,69,42,2,8,Fail
7,85,100,0,5,Pass
0,84,51,6,7,Fail
4,81,59,4,9,Fail
2,97,55,4,9,Fail
0,93,53,6,9,Fail
3,89,55,0,7,Fail
4,73,98,7,5,Pass
6,66,92,9,4,Pass
0,56,88,4,5,Fail
2,92,82,7,6,Fail
1,99,88,9,6,Pass
8,50,90,9,5,Pass
9,84,93,4,5,Pass
5,81,72,6,7,Pass
9,85,69,9,7,Pass
2,62,98,2,8,Fail
7,55,51,1,9,Fail
7,63,54,5,8,Fail
1,86,57,4,9,Fail
5,97,67,8,6,Pass
6,64,62,9,8,Pass
1,96,53,3,8,Fail
10,53,69,10,4,Pass
9,89,72,2,5,Pass
1,65,84,8,7,Pass
9,77,54,7,8,Pass
0,65,46,5,7,Fail
7,53,54,0,9,Fail
0,94,91,9,8,Pass
8,75,81,10,9,Pass
10,77,85,0,8,Pass
5,81,77,5,6,Pass
6,94,85,2,4,Fail
9,51,95,2,9,Pass
6,80,96,5,5,Pass
9,52,93,2,5,Pass
2,57,83,10,6,Fail
1,73,50,9,6,Fail
8,64,68,5,5,Pass
7,92,70,4,9,Pass
9,80,64,3,5,Pass
6,58,91,7,4,Pass
8,88,93,1,8,Pass
3,94,63,10,4,Pass
3,51,96,6,5,Fail
0,57,58,3,8,Fail
7,56,41,1,5,Fail
2,93,61,6,4,Fail
6,100,59,0,4,Fail
1,88,72,3,9,Fail
1,91,47,8,9,Fail
6,65,64,3,4,Fail
5,84,85,2,8,Pass
2,79,48,9,9,Pass
8,59,73,9,9,Pass
9,87,96,1,7,Pass
5,67,62,2,7,Fail
9,99,44,0,9,Pass
9,54,94,9,5,Pass
5,78,100,7,8,Pass
0,88,64,0,6,Fail
3,83,47,2,9,Fail
9,92,55,2,7,Pass
5,94,93,1,8,Pass
5,72,87,4,8,Pass
10,54,84,9,7,Pass
4,79,91,2,8,Fail
0,55,100,2,8,Fail
7,95,54,7,7,Pass
4,93,40,3,4,Fail
4,53,61,3,9,Fail
6,78,42,2,5,Fail
3,72,77,10,6,Pass
5,55,93,0,5,Fail
3,81,53,7,4,Pass
2,91,75,0,4,Fail
6,67,57,6,8,Pass
7,64,86,4,5,Pass
3,89,80,3,4,Fail
1,81,57,3,5,Fail
9,58,42,7,4,Fail
2,86,49,10,6,Fail
0,59,88,10,4,Fail
7,69,78,5,5,Pass
2,55,86,0,8,Fail
9,97,40,9,5,Pass
6,52,66,7,7,Pass
9,91,96,1,5,Pass
4,60,66,5,6,Fail
9,92,50,8,9,Pass
4,66,88,0,6,Fail
6,81,44,5,6,Fail
8,53,46,7,4,Pass
4,53,58,9,6,Pass
0,66,96,1,5,Fail
9,90,95,4,9,Pass
9,68,68,5,8,Pass
0,54,54,4,6,Fail
1,81,74,2,5,Fail
5,71,86,3,4,Fail
8,55,76,6,4,Pass
7,84,94,3,8,Pass
4,71,51,8,8,Pass
0,50,69,10,5,Fail
6,69,59,9,8,Pass
4,71,76,1,8,Fail
5,97,42,4,4,Fail
6,60,48,7,5,Fail
2,62,97,4,9,Fail
9,91,80,9,8,Pass
2,52,78,7,5,Fail
4,58,65,7,6,Fail
5,61,41,8,4,Fail
8,72,62,9,9,Pass
4,63,62,5,4,Fail
0,82,98,3,4,Fail
3,67,60,10,7,Pass
4,98,55,2,5,Fail
9,90,48,4,6,Pass
9,58,52,5,8,Pass
4,72,67,2,6,Fail
6,59,66,1,5,Fail
3,68,90,6,4,Pass
0,96,91,10,7,Pass
4,54,56,4,5,Fail
6,96,77,8,9,Pass
9,72,75,2,9,Pass
9,79,40,7,5,Pass
5,74,57,5,8,Fail
4,77,90,3,6,Pass
3,83,48,8,6,Pass
1,94,52,4,8,Fail
3,97,79,9,7,Pass
9,96,94,5,4,Pass
9,74,84,8,4,Pass
2,59,54,6,9,Fail
9,63,82,4,7,Pass
0,91,83,1,8,Fail
7,95,85,3,5,Pass
4,79,43,1,6,Fail
3,90,72,2,5,Fail
7,74,63,9,6,Pass
6,63,75,2,5,Fail
1,84,90,3,8,Fail
0,97,80,5,8,Pass
10,83,49,2,7,Pass
3,59,75,9,5,Pass
7,84,59,0,5,Fail
1,60,80,0,7,Fail
2,60,84,8,7,Pass
0,70,83,8,8,Pass
0,70,50,4,8,Fail
2,71,51,8,9,Fail
10,94,57,10,5,Pass
4,56,69,6,8,Pass
2,66,83,8,8,Pass
0,51,87,6,5,Fail
0,61,76,8,7,Fail
7,91,59,1,5,Fail
9,67,64,10,4,Pass
10,60,51,10,5,Pass
1,65,60,7,4,Fail
2,98,64,6,5,Fail
1,100,50,5,4,Fail
2,67,48,4,4,Fail
6,84,89,3,5,Pass
0,75,64,6,9,Fail
9,65,74,2,8,Fail
7,55,91,7,6,Pass
9,93,71,1,8,Pass
9,92,88,0,4,Pass
9,96,53,10,5,Pass
1,96,40,1,5,Fail
2,97,56,8,5,Fail
8,91,64,4,5,Fail
6,61,98,10,9,Pass
3,62,47,7,6,Fail
9,53,44,2,7,Pass
4,88,44,6,4,Fail
1,51,80,1,6,Fail
10,75,74,7,8,Pass
7,76,58,6,7,Pass
3,76,62,4,7,Fail
8,64,48,10,5,Pass
4,57,93,3,6,Pass
8,56,69,0,8,Pass
3,96,89,4,5,Fail
9,95,55,8,5,Pass
4,89,72,9,9,Pass
8,61,41,3,4,Fail
7,62,53,8,7,Pass
2,92,85,1,8,Fail
0,66,40,3,7,Fail
2,66,65,8,6,Fail
3,85,97,3,4,Fail
1,70,64,4,5,Fail
0,57,55,10,4,Fail
6,54,54,7,5,Pass
7,75,65,0,4,Fail
6,65,86,0,5,Pass
4,85,83,8,7,Pass
0,77,55,8,7,Fail
6,78,53,3,7,Pass
6,96,68,1,7,Pass
8,61,63,8,4,Pass
2,86,86,3,5,Fail
8,79,94,5,7,Pass
0,72,54,0,4,Fail
0,65,58,8,5,Fail
3,63,47,4,4,Fail
8,59,73,2,9,Pass
5,56,41,3,7,Fail
10,94,66,0,6,Pass
2,86,49,8,4,Fail
0,78,74,7,7,Fail
3,52,62,3,8,Fail
8,64,88,1,5,Pass
2,85,47,8,9,Pass
8,96,67,3,7,Pass
6,95,62,8,8,Pass
3,68,43,9,4,Fail
2,62,53,2,4,Fail
9,91,92,6,8,Pass
4,70,81,6,9,Pass
4,86,68,9,8,Pass
2,76,40,3,5,Fail
8,78,43,1,4,Fail
3,69,71,10,8,Pass
10,74,72,8,6,Pass
4,55,88,3,6,Fail
3,85,65,7,8,Fail
4,51,56,1,5,Fail
6,71,78,7,4,Pass
8,81,62,10,6,Pass
6,65,71,9,8,Pass
4,67,91,4,8,Pass
9,54,54,6,7,Pass
9,85,52,6,8,Pass
6,79,99,8,5,Pass
9,94,41,2,6,Pass
4,68,99,9,7,Pass
2,72,58,3,6,Fail
6,83,63,9,6,Pass
10,62,84,3,5,Pass
10,92,63,9,8,Pass
1,78,50,4,5,Fail
8,85,98,5,8,Pass
9,71,61,2,7,Fail
9,96,54,3,5,Fail
0,85,49,2,5,Fail
5,58,80,1,9,Fail
6,88,66,9,4,Pass
7,100,99,8,5,Pass
9,68,48,0,9,Fail
8,87,91,1,4,Pass
1,55,67,7,8,Fail
10,96,40,6,8,Pass
9,64,56,0,8,Fail
1,69,70,4,9,Fail
4,58,83,9,9,Pass
4,81,49,5,4,Fail
5,53,76,4,8,Fail
2,99,68,3,6,Fail
7,67,57,0,5,Fail
0,54,86,6,9,Fail
5,69,77,8,9,Pass
3,72,78,5,9,Fail
0,60,88,2,4,Fail
6,86,45,9,8,Pass
8,71,79,3,6,Pass
3,53,51,9,5,Fail
3,78,92,4,5,Pass
5,93,53,0,8,Fail
2,83,83,4,6,Fail
5,62,94,0,4,Fail
6,91,49,8,9,Pass
10,58,93,6,9,Pass
9,91,59,2,8,Pass
9,80,54,8,5,Pass
2,56,70,1,9,Fail
6,53,46,6,5,Fail
2,68,97,8,5,Pass
1,91,80,5,8,Pass
9,79,49,9,7,Pass
3,80,49,4,7,Fail
7,84,87,6,7,Pass
8,70,100,5,6,Pass
6,80,78,4,8,Pass
0,68,67,1,5,Fail
2,80,69,7,9,Fail
8,81,76,6,6,Pass
0,51,94,5,7,Fail
8,59,42,4,4,Fail
7,51,89,4,6,Pass
0,51,82,8,6,Fail
5,73,54,0,8,Fail
4,66,60,8,9,Pass
5,81,91,5,6,Pass
9,65,76,3,9,Pass
4,65,95,9,8,Pass
5,95,51,6,4,Fail
4,88,43,8,5,Fail
10,80,86,4,5,Pass
4,92,48,4,7,Fail
3,73,78,7,7,Fail
2,50,81,6,4,Fail
2,60,100,7,5,Fail
3,70,67,10,7,Pass
8,53,62,9,9,Pass
1,56,84,1,6,Fail
8,75,100,8,8,Pass
0,96,79,2,7,Fail
0,99,83,5,4,Fail
4,61,61,5,5,Fail
5,80,63,1,4,Fail
5,66,90,6,8,Pass
2,82,97,8,8,Pass
6,60,65,9,4,Pass
8,77,69,10,7,Pass
10,81,72,0,7,Pass
9,50,55,7,5,Pass
7,96,61,1,9,Fail
5,77,88,0,5,Fail
7,91,96,7,6,Pass
4,56,89,1,9,Fail
7,51,82,5,6,Fail
9,91,57,5,5,Pass
3,73,46,4,9,Fail
9,53,89,7,9,Pass
7,93,65,2,6,Fail
9,68,47,9,4,Pass
1,75,45,3,7,Fail
4,60,69,6,9,Fail
8,89,78,6,9,Pass
3,99,62,7,6,Pass
10,92,71,1,9,Pass
5,60,61,10,6,Pass
0,94,81,1,4,Fail
8,52,82,3,9,Pass
0,61,96,9,8,Fail
4,52,84,8,5,Pass
3,91,48,9,4,Pass
2,76,70,8,8,Pass
5,98,46,3,4,Fail
1,51,48,8,7,Fail
2,98,52,2,4,Fail
4,65,97,4,4,Pass
8,51,42,9,7,Pass
1,79,74,8,9,Fail
9,69,72,5,5,Pass
7,87,60,2,8,Pass
1,77,70,9,6,Fail
10,74,91,8,5,Pass
4,81,73,5,4,Fail
6,59,71,3,6,Fail
7,91,96,3,7,Pass
0,89,74,7,5,Fail
5,82,54,6,9,Pass
0,62,95,0,8,Fail
1,90,71,5,5,Fail
0,91,45,7,5,Fail
10,96,84,2,9,Pass
4,86,60,8,6,Pass
9,65,72,9,7,Pass
8,94,71,1,9,Pass
5,71,91,5,7,Pass
10,69,58,0,9,Pass
10,99,72,10,5,Pass
0,92,67,1,7,Fail
0,76,70,4,6,Fail
1,90,60,0,6,Fail
8,65,93,7,8,Pass
2,83,73,0,7,Fail
0,81,54,8,8,Fail
4,75,53,9,9,Pass
6,74,58,10,4,Pass
5,51,82,2,6,Fail
0,61,54,1,5,Fail
4,89,45,0,6,Fail
4,58,91,8,4,Fail
5,61,48,3,5,Fail
2,75,76,0,7,Fail
4,58,59,0,7,Fail
6,59,73,6,6,Fail
4,81,77,1,5,Fail
4,83,65,6,9,Fail
4,97,57,6,5,Fail
9,69,67,9,8,Pass
9,88,100,8,4,Pass
2,51,94,6,7,Fail
0,50,90,0,6,Fail
4,100,48,7,5,Fail
8,85,71,7,7,Pass
0,73,98,3,6,Fail
2,76,92,7,7,Fail
3,51,95,3,6,Fail
0,80,98,7,7,Fail
0,63,45,4,9,Fail
7,51,53,3,8,Fail
1,78,67,5,4,Fail
7,64,97,1,7,Pass
6,61,63,1,4,Fail
9,86,100,1,7,Pass
9,77,52,8,5,Pass
1,69,82,9,8,Fail
5,88,51,2,9,Fail
5,73,90,9,8,Pass
2,70,58,3,4,Fail
10,59,60,9,5,Pass
1,95,66,7,6,Fail
0,63,97,3,8,Pass
5,86,58,10,9,Pass
4,67,63,9,5,Pass
10,73,65,9,5,Pass
8,63,84,6,4,Pass
0,83,67,4,9,Fail
6,61,85,8,5,Pass
4,71,95,3,5,Fail
4,55,57,2,6,Fail
1,85,83,1,4,Fail
10,94,75,0,4,Pass
2,85,81,10,9,Pass
6,71,68,5,5,Pass
5,63,56,9,6,Pass
1,65,43,1,7,Fail
5,85,83,7,8,Pass
1,74,84,5,4,Fail
1,81,100,4,6,Fail
1,82,98,1,9,Fail
10,94,68,6,6,Pass
2,85,43,1,5,Fail
1,69,49,4,8,Fail
3,67,64,1,4,Fail
8,87,70,10,7,Pass
5,52,42,9,5,Fail
0,72,86,10,4,Pass
7,81,41,10,9,Pass
6,94,96,1,4,Pass
9,65,64,6,6,Pass
2,54,88,8,8,Fail
0,53,45,4,7,Fail
4,70,65,6,8,Pass
3,89,47,3,6,Fail
9,100,74,1,7,Pass
7,63,66,2,7,Fail
0,88,64,1,5,Fail
9,80,57,4,7,Pass
0,63,93,5,4,Fail
3,55,40,6,8,Fail
7,61,100,2,9,Pass
4,65,87,3,9,Fail
1,66,78,7,8,Fail
5,94,42,3,5,Fail
4,72,94,6,7,Pass
1,63,43,5,6,Fail
10,56,80,6,4,Pass
10,95,76,0,5,Pass
10,81,90,2,7,Pass
2,64,54,5,9,Fail
8,93,47,2,6,Pass
6,66,77,6,7,Pass
6,90,89,8,5,Pass
10,96,58,2,6,Pass
5,93,95,0,6,Fail
7,83,86,9,6,Pass
3,54,65,5,6,Fail
7,94,78,0,7,Fail
3,76,49,0,6,Fail
7,72,77,7,7,Pass
8,89,53,8,6,Pass
2,63,88,1,6,Fail
2,64,80,8,5,Fail
10,92,58,4,7,Pass
1,82,69,7,9,Fail
9,80,44,6,7,Pass
2,84,94,6,8,Pass
2,66,70,3,9,Fail
4,77,46,1,5,Fail
4,68,58,4,7,Fail
1,95,70,10,5,Pass
9,72,91,10,9,Pass
5,81,97,2,5,Pass
4,89,78,8,5,Pass
5,62,63,5,4,Fail
0,69,73,0,7,Fail
4,84,96,2,5,Fail
8,54,62,3,4,Fail
9,58,87,8,4,Pass
1,78,84,10,6,Fail
0,55,79,5,6,Fail
9,74,45,3,9,Pass
10,80,77,0,7,Pass
8,71,80,7,6,Pass
9,51,75,10,9,Pass
8,94,66,1,7,Pass
8,54,50,10,9,Pass
5,76,44,10,4,Pass
7,74,96,7,4,Pass
10,57,56,5,7,Pass
0,50,91,7,9,Fail
9,69,46,5,9,Pass
3,93,66,4,6,Fail
0,72,86,4,6,Fail
7,81,96,9,7,Pass
0,60,54,9,8,Fail
2,88,85,10,6,Pass
3,96,52,7,5,Fail
7,73,50,6,6,Pass
5,60,99,7,8,Pass
9,78,84,7,9,Pass
6,75,65,6,4,Pass
7,65,61,1,4,Fail
1,84,67,10,9,Fail
9,69,63,8,4,Pass
10,95,68,6,6,Pass
7,52,48,10,4,Pass
2,50,81,5,8,Fail
6,96,43,8,8,Pass
2,50,88,0,6,Fail
6,66,85,10,9,Pass
10,51,95,1,5,Pass
1,78,57,0,6,Fail
9,69,82,9,4,Pass
5,55,55,2,6,Fail
2,57,72,10,8,Fail
2,78,68,4,6,Fail
8,97,78,0,6,Pass
6,100,99,3,5,Pass
4,82,49,7,8,Fail
9,52,48,5,7,Fail
6,84,98,0,7,Fail
8,54,70,0,8,Pass
0,76,67,2,7,Fail
6,93,99,9,4,Pass
5,61,96,7,7,Pass
9,69,42,10,4,Pass
8,94,93,10,8,Pass
0,69,94,7,7,Fail
3,58,53,2,7,Fail
8,88,97,6,9,Pass
3,53,64,2,4,Fail
9,100,54,3,4,Pass
2,68,41,8,6,Fail
8,87,63,3,5,Fail
1,76,53,2,7,Fail
3,94,87,4,9,Pass
5,92,46,6,5,Fail
1,62,75,4,9,Fail
7,62,89,3,5,Pass
7,71,63,7,7,Pass
0,77,66,3,9,Fail
2,96,76,1,4,Fail
9,94,77,9,6,Pass
8,71,69,5,9,Pass
4,92,66,1,8,Fail
5,68,78,2,7,Fail
3,57,54,0,7,Fail
9,57,65,4,8,Pass
1,91,40,8,5,Fail
10,75,95,1,6,Pass
7,97,43,6,5,Pass
10,100,68,4,8,Pass
5,75,96,1,8,Fail
4,72,40,7,6,Fail
8,92,82,10,8,Pass
0,62,89,5,8,Fail
4,77,85,3,9,Pass
5,58,61,3,6,Fail
4,69,50,1,7,Fail
5,68,49,2,5,Fail
5,97,98,6,7,Pass
6,88,56,2,7,Pass
3,100,75,4,9,Fail
10,61,95,9,5,Pass
7,64,86,5,7,Pass
6,80,65,5,6,Pass
8,63,87,3,5,Pass
6,60,60,5,4,Fail
2,75,52,2,9,Fail
2,91,48,6,7,Fail
7,76,50,6,8,Pass
4,60,50,3,5,Fail
3,87,45,1,4,Fail
7,83,40,10,8,Pass
5,92,93,6,4,Pass
1,68,45,2,7,Fail
3,55,52,0,8,Fail
10,95,61,1,7,Pass
3,87,95,9,8,Pass
5,98,70,8,5,Pass
5,91,61,7,6,Fail
0,77,76,5,6,Fail
7,50,86,5,4,Pass
5,84,66,0,9,Fail
2,89,89,1,8,Fail
8,57,91,3,7,Pass
1,96,53,2,9,Fail
10,56,86,0,5,Fail
7,60,97,7,5,Pass
9,88,44,6,5,Pass
2,53,97,3,6,Fail
4,74,75,8,7,Pass
5,61,71,10,5,Pass
9,75,73,3,5,Pass
5,87,46,0,4,Fail
3,95,81,9,8,Pass
2,61,87,0,8,Fail
3,92,49,0,8,Fail
0,100,89,0,9,Fail
3,86,56,3,4,Fail
0,95,69,0,6,Fail
0,73,60,1,9,Fail
9,65,99,3,4,Pass
5,62,52,6,5,Fail
4,74,40,1,7,Fail
10,53,40,7,9,Pass
3,60,86,6,9,Fail
10,81,72,8,5,Pass
2,98,77,5,5,Fail
0,56,64,3,7,Fail
5,95,65,5,8,Pass
1,60,52,3,9,Fail
7,77,98,6,4,Pass
9,90,67,8,6,Pass
4,72,72,2,5,Fail
6,94,76,2,5,Pass
9,72,80,1,6,Pass
1,99,69,0,4,Fail
7,77,96,0,5,Pass
1,92,88,2,6,Fail
3,96,87,6,5,Fail
0,75,47,10,8,Fail
4,74,88,8,8,Pass
8,78,86,1,5,Pass
0,68,95,6,5,Fail
8,82,40,0,8,Fail
10,85,51,1,5,Fail
7,63,44,5,4,Fail
5,63,63,10,4,Pass
6,84,45,4,7,Fail
2,79,64,7,4,Fail
0,77,40,10,9,Fail
4,66,64,1,9,Fail
1,52,40,0,9,Fail
4,65,71,6,5,Pass
7,95,81,5,5,Pass
10,79,81,7,6,Pass
8,78,42,10,9,Pass
1,94,88,7,9,Fail
2,64,58,1,4,Fail
2,95,99,7,8,Pass
0,74,82,5,8,Fail
7,100,68,8,7,Pass
5,87,89,6,6,Pass
7,91,41,1,8,Fail
10,96,48,7,7,Pass
8,87,95,8,4,Pass
4,72,56,6,6,Fail
2,74,99,3,6,Pass
4,91,85,8,9,Pass
4,56,75,3,5,Fail
4,71,100,3,9,Pass
2,66,56,8,4,Fail
10,67,88,7,9,Pass
9,98,51,3,6,Pass
3,90,99,7,9,Pass
8,59,59,7,7,Pass
9,59,89,6,9,Pass
8,56,42,9,8,Pass
1,97,82,5,4,Fail
7,99,96,7,4,Pass
7,87,89,6,6,Pass
6,76,43,4,9,Fail
7,82,56,3,6,Pass
2,50,89,1,6,Fail
5,93,76,10,7,Pass
0,83,85,7,5,Fail
6,53,81,8,6,Pass
0,66,54,3,5,Fail
8,53,72,3,5,Pass
0,92,55,4,4,Fail
0,75,50,1,8,Fail
6,53,94,6,8,Pass
1,50,59,4,9,Fail
4,56,77,5,7,Fail
7,79,63,3,7,Pass
7,99,100,7,8,Pass
2,58,93,7,9,Fail
6,84,55,4,8,Pass
2,57,69,5,9,Pass
5,73,73,2,9,Fail
5,68,40,0,9,Fail
2,85,63,8,9,Pass
6,99,63,8,4,Pass
2,92,48,2,4,Fail
7,76,61,3,8,Fail
9,81,51,6,9,Pass
3,63,56,1,6,Fail
0,67,64,2,9,Fail
3,77,67,5,6,Fail
6,78,100,10,4,Pass
10,65,54,7,9,Pass
3,84,69,0,5,Fail
5,96,90,3,8,Pass
8,80,66,0,9,Pass
0,53,61,1,7,Fail
4,86,49,7,6,Pass
10,66,100,5,9,Pass
6,88,97,8,5,Pass
0,97,70,1,6,Fail
3,95,66,2,5,Fail
5,75,51,8,8,Pass
1,97,85,8,8,Pass
9,88,70,5,8,Pass
4,90,71,2,4,Fail
10,53,71,4,5,Pass
9,79,80,1,9,Pass
0,79,98,6,7,Pass
5,71,84,9,7,Pass
5,60,74,10,8,Pass
3,51,92,7,7,Fail
7,93,100,5,6,Pass
3,61,85,7,5,Fail
7,79,60,1,5,Pass
7,85,49,2,5,Fail
4,67,55,6,6,Fail
3,75,46,9,9,Fail
1,56,43,0,4,Fail
10,50,66,6,6,Pass
2,75,91,5,5,Fail
2,72,94,7,5,Fail
3,75,64,6,5,Fail
3,94,70,3,9,Fail
9,55,50,2,7,Fail
10,55,87,2,4,Pass
10,93,59,3,6,Pass
4,57,75,8,5,Pass
3,73,93,8,8,Pass
10,71,93,1,4,Pass
9,68,94,4,8,Pass
7,86,56,0,4,Fail
5,67,84,3,5,Pass
5,80,50,1,4,Fail
7,86,69,7,4,Pass
6,79,74,3,5,Pass
9,91,80,4,9,Pass
10,82,77,10,8,Pass
9,59,61,3,9,Pass
7,86,92,4,8,Pass
1,61,82,4,7,Fail
8,79,87,4,8,Pass
0,76,90,10,8,Fail
7,88,66,2,4,Fail
10,58,76,6,7,Pass
3,70,85,2,5,Fail
3,61,88,1,5,Fail
4,78,74,2,6,Fail
7,82,43,10,7,Pass
4,92,55,2,4,Fail
7,64,55,7,6,Fail
9,51,60,3,6,Fail
0,88,65,2,5,Fail
9,93,96,9,8,Pass
8,67,75,4,4,Fail
5,52,58,3,7,Fail
2,56,97,8,6,Pass
7,92,56,7,4,Pass
8,67,84,10,5,Pass
5,93,65,6,6,Pass
10,87,61,7,6,Pass
6,86,94,4,9,Pass
0,82,97,3,5,Fail
4,93,95,6,9,Pass
4,80,67,0,5,Fail
9,60,40,5,5,Pass
3,53,83,7,9,Pass
5,67,75,6,4,Fail
6,53,82,1,4,Fail
8,98,76,6,4,Pass
0,83,41,5,8,Fail
5,78,56,4,6,Fail
6,73,79,3,4,Fail
2,71,77,0,8,Fail
7,51,60,1,6,Fail
4,93,100,6,4,Pass
8,55,48,9,5,Pass
4,91,52,2,7,Fail
8,74,50,4,4,Pass
9,70,100,7,7,Pass
3,65,55,7,4,Fail
8,80,55,5,5,Fail
4,63,98,4,7,Fail
9,88,41,1,8,Pass
8,77,81,8,5,Pass
2,81,83,0,7,Fail
3,77,47,10,7,Pass
8,100,82,1,9,Pass
9,98,81,0,9,Pass
10,58,52,3,5,Fail
5,94,96,3,5,Pass
1,71,56,4,5,Fail
6,81,78,4,6,Pass
1,54,63,7,8,Fail
10,72,42,10,4,Pass
1,54,69,10,9,Pass
10,91,91,2,7,Pass
0,81,52,5,9,Fail
10,59,58,2,4,Fail
10,88,46,1,5,Pass
10,64,48,7,9,Pass
2,56,58,0,8,Fail
5,78,84,8,8,Pass
7,96,93,10,6,Pass
8,52,79,6,9,Pass
6,68,61,9,5,Pass
3,59,57,10,7,Pass
5,77,100,3,6,Fail
4,78,62,2,5,Fail
7,64,41,5,6,Fail
0,84,89,8,9,Fail
0,55,89,8,4,Fail
10,61,50,3,9,Pass
5,96,70,9,5,Pass
9,87,72,4,7,Pass
1,62,53,10,7,Pass
4,78,55,8,5,Fail
0,68,50,1,6,Fail
6,52,72,1,8,Fail
0,57,46,4,5,Fail
3,57,70,0,9,Fail
8,69,100,7,7,Pass
0,96,87,4,4,Fail
3,53,85,9,7,Pass
5,100,86,1,8,Pass
5,70,53,8,7,Fail
7,52,67,1,8,Fail
0,94,92,6,5,Fail
6,57,82,7,7,Pass
0,72,55,5,6,Fail
6,65,58,10,9,Pass
2,62,56,6,6,Fail
10,52,98,10,9,Pass
7,97,65,0,7,Fail
2,58,45,3,7,Fail
0,63,82,6,9,Fail
7,62,88,0,4,Fail
2,56,48,0,7,Fail
1,64,89,10,4,Fail
0,56,56,5,4,Fail
2,87,70,3,9,Fail
1,83,51,2,4,Fail
1,90,62,4,4,Fail
5,71,93,8,5,Pass
0,73,93,9,6,Pass
1,98,44,9,4,Fail
5,86,82,10,6,Pass
2,93,75,9,4,Fail
3,50,98,2,6,Fail
0,59,75,4,7,Fail
7,92,42,9,7,Pass
6,65,97,4,6,Fail
6,95,63,8,4,Pass
2,57,94,10,5,Fail
9,98,96,9,6,Pass
9,74,56,10,8,Pass
2,99,78,3,5,Fail
1,61,65,0,8,Fail
0,74,43,9,6,Fail
6,66,94,4,4,Pass
6,75,84,0,8,Fail
1,95,51,5,6,Fail
6,97,40,9,5,Pass
7,63,60,9,4,Pass
0,90,58,6,8,Fail
8,85,60,0,6,Fail
6,72,91,9,4,Pass
2,92,57,3,4,Fail
7,55,82,8,7,Pass
6,96,91,0,4,Pass
10,54,42,8,6,Pass
7,92,100,7,5,Pass
5,74,88,4,9,Pass
8,67,83,5,7,Pass
4,62,71,6,6,Pass
2,92,49,3,6,Fail
2,63,79,5,6,Fail
0,77,54,6,8,Fail
7,67,44,10,8,Pass
1,77,43,5,5,Fail
2,100,97,10,6,Pass
7,76,67,5,8,Pass
7,81,92,1,8,Fail
10,96,91,4,8,Pass
3,58,90,2,5,Fail
3,89,92,6,5,Pass
4,81,43,3,6,Fail
5,69,54,0,7,Fail
4,77,56,5,6,Pass
6,82,83,5,8,Pass
1,53,42,6,9,Fail
6,95,49,10,8,Pass
9,83,86,7,4,Pass
6,97,81,2,9,Pass
0,52,95,5,9,Fail
6,75,62,9,6,Pass
4,57,57,1,8,Fail
2,55,40,8,8,Fail
2,65,74,1,7,Fail
3,73,92,2,4,Fail
1,97,97,9,6,Pass
1,88,70,1,5,Fail
0,79,98,8,6,Pass
4,94,83,0,9,Pass
3,62,40,4,6,Fail
10,54,42,0,7,Fail
9,74,42,4,6,Pass
1,69,76,7,7,Fail
2,67,58,7,9,Fail
6,96,68,10,7,Pass
6,67,64,7,8,Pass
3,51,72,1,5,Fail
4,59,75,7,9,Fail
4,94,100,4,7,Pass
5,99,68,0,4,Fail
8,96,97,6,9,Pass
1,61,65,5,4,Fail
4,96,43,4,5,Fail
2,62,88,0,7,Fail
3,99,53,0,9,Fail
9,96,89,5,9,Pass
5,60,66,9,5,Pass
7,68,72,6,8,Fail
0,84,61,9,4,Fail
9,88,87,9,9,Pass
7,75,42,0,6,Fail
10,95,62,8,4,Pass
6,63,60,3,7,Fail
0,94,80,4,5,Fail
1,93,62,1,4,Fail
2,73,43,9,6,Pass
0,90,60,7,6,Fail
8,50,76,1,5,Fail
7,100,82,2,5,Pass
1,92,70,8,4,Fail
8,71,60,1,7,Fail
6,72,65,5,8,Pass
8,68,80,3,6,Pass
5,67,97,6,5,Pass
5,61,74,5,8,Pass
10,77,77,9,8,Pass
3,77,63,8,8,Fail
9,82,50,8,7,Pass
9,68,80,9,5,Pass
1,77,68,3,6,Fail
6,98,86,0,5,Pass
4,86,94,1,4,Fail
10,75,99,7,6,Pass
5,84,42,9,5,Pass
1,83,40,7,6,Fail
4,84,91,1,4,Fail
9,89,100,3,9,Pass
3,65,93,0,6,Fail
8,87,58,6,9,Pass
5,62,85,3,8,Fail
1,72,88,10,7,Pass
0,71,61,7,4,Fail
4,65,53,8,6,Fail
8,77,88,8,4,Pass
5,97,96,2,8,Pass
9,84,98,4,9,Pass
6,94,53,5,7,Pass
4,95,83,5,4,Fail
9,57,55,9,9,Pass
5,93,72,7,8,Pass
4,71,52,5,8,Fail
10,70,77,5,8,Pass
8,75,88,3,9,Pass
5,89,51,6,6,Pass
10,70,94,7,5,Pass
7,74,90,2,4,Fail
1,90,77,6,5,Fail
8,50,78,2,8,Fail
4,55,72,7,5,Fail
6,72,72,0,9,Fail
9,100,68,0,8,Pass
0,72,44,5,8,Fail
9,92,45,9,7,Pass
4,92,70,8,7,Pass
9,72,55,3,9,Pass
1,81,70,5,9,Pass
5,79,64,4,5,Pass
10,62,87,0,4,Pass
0,92,85,5,5,Fail
2,67,72,8,9,Fail
4,72,52,2,4,Fail
3,64,91,10,5,Pass
2,82,49,2,6,Fail
9,70,63,1,6,Pass
4,88,49,3,4,Fail
10,72,80,9,7,Pass
7,76,70,2,4,Fail
10,94,52,1,5,Pass
3,93,42,0,8,Fail
0,67,98,2,6,Fail
10,73,89,9,8,Pass
6,100,91,5,6,Pass
7,96,73,8,5,Pass
2,89,88,10,6,Pass
5,100,67,4,4,Pass
1,91,58,2,8,Fail
6,56,62,4,9,Fail
7,99,84,4,8,Pass
5,97,71,4,5,Fail
5,69,52,6,9,Fail
4,76,72,4,8,Fail
7,55,73,6,5,Pass
0,76,72,8,7,Pass
9,58,95,4,4,Pass
3,94,44,1,6,Fail
3,80,95,4,6,Pass
2,70,42,7,6,Fail
2,75,100,3,7,Fail
3,89,99,1,4,Fail
10,97,46,9,8,Pass
0,94,63,2,8,Fail
10,62,61,8,4,Pass
10,98,84,8,9,Pass
1,72,100,7,4,Fail
8,69,62,7,6,Pass
9,86,69,7,8,Pass
1,77,99,7,4,Fail
4,66,57,7,8,Fail
8,77,71,0,4,Fail
8,90,95,5,5,Pass
7,51,92,8,6,Pass
0,74,46,7,4,Fail
0,99,72,2,7,Fail
8,90,44,10,4,Pass
10,55,88,0,5,Pass
7,60,67,1,7,Fail
9,87,100,10,7,Pass
8,55,47,1,4,Fail
6,94,54,6,5,Pass
2,60,91,5,7,Fail
2,63,43,10,6,Fail
1,51,73,1,9,Fail
4,89,44,7,6,Fail
2,52,72,8,8,Fail
5,84,96,6,8,Pass
1,82,44,3,5,Fail
2,73,77,0,7,Fail
4,68,73,3,6,Fail
10,67,97,3,6,Pass
10,98,65,7,9,Pass
0,73,40,3,5,Fail
0,94,43,3,7,Fail
9,84,78,1,5,Pass
8,50,93,9,4,Pass
6,85,65,6,6,Pass
0,74,72,3,5,Fail
7,94,72,10,5,Pass
2,98,47,5,9,Pass
7,92,59,2,4,Fail
4,83,55,6,8,Fail
0,74,60,5,6,Fail
6,65,84,2,9,Pass
4,83,94,3,5,Pass
5,78,95,9,6,Pass
5,68,65,4,8,Fail
7,72,62,8,5,Pass
8,68,57,5,4,Pass
1,74,70,3,6,Fail
8,65,91,10,9,Pass
10,100,81,10,4,Pass
9,58,51,6,8,Pass
8,50,40,1,8,Fail
9,91,81,3,6,Pass
9,68,48,4,8,Pass
6,82,42,3,7,Fail
0,83,99,3,9,Fail
6,65,90,10,6,Pass
9,93,65,8,7,Pass
4,89,48,10,8,Pass
5,67,81,1,6,Fail
9,83,90,5,7,Pass
6,74,55,7,8,Pass
4,94,63,7,5,Pass
6,55,89,10,5,Pass
8,70,53,6,4,Pass
2,55,100,9,5,Pass
7,81,42,10,7,Pass
1,90,73,3,9,Fail
10,97,72,6,5,Pass
6,92,89,9,6,Pass
1,88,63,5,6,Fail
3,80,48,10,6,Pass
6,91,52,5,5,Fail
2,59,41,1,5,Fail
1,79,46,7,4,Fail
10,67,87,7,9,Pass
9,73,60,10,9,Pass
6,58,58,6,8,Pass
0,80,64,10,4,Pass
7,64,86,8,7,Pass
2,53,61,7,6,Fail
1,89,50,8,5,Fail
2,58,72,8,8,Fail
4,94,71,5,8,Fail
10,58,60,1,5,Fail
7,75,78,6,4,Pass
9,53,59,2,8,Fail
6,66,47,6,9,Pass
6,65,81,8,4,Pass
6,64,76,9,5,Pass
7,84,48,9,4,Pass
0,54,64,1,9,Fail
3,54,64,5,6,Fail
5,69,72,5,5,Pass
8,64,41,8,9,Pass
1,67,58,8,5,Fail
0,96,85,4,9,Fail
9,51,59,4,9,Pass
1,78,81,8,8,Pass
6,62,80,7,8,Pass
2,53,81,6,8,Fail
9,91,68,7,6,Pass
1,94,45,5,6,Fail
10,59,56,2,9,Pass
6,80,99,6,7,Pass
1,90,64,7,5,Fail
2,57,77,7,8,Pass
10,52,43,0,5,Fail
6,97,69,6,9,Pass
3,95,59,2,4,Fail
0,58,42,1,9,Fail
4,79,62,1,6,Fail
8,60,90,7,7,Pass
7,84,57,8,4,Pass
8,86,65,2,5,Pass
9,91,95,2,6,Pass
8,62,75,5,8,Pass
6,85,47,10,4,Pass
3,62,56,9,6,Fail
4,61,70,0,5,Fail
0,86,76,5,9,Fail
0,59,84,2,5,Fail
2,58,96,10,4,Pass
7,56,72,3,4,Fail
1,51,66,8,9,Fail
3,72,84,2,4,Fail
1,88,43,0,7,Fail
4,89,61,2,8,Fail
8,88,65,6,6,Pass
0,70,71,6,9,Fail
4,72,63,10,5,Pass
8,78,85,4,5,Pass
0,63,74,0,8,Fail
8,75,76,10,4,Pass
7,100,71,7,4,Pass
3,54,46,9,5,Fail
10,80,72,7,8,Pass
9,74,70,9,5,Pass
4,80,94,9,4,Pass
4,99,100,9,9,Pass
10,69,51,1,6,Pass
5,93,50,9,4,Pass
6,66,63,2,9,Pass
7,94,47,3,6,Fail
7,51,71,0,7,Fail
10,74,96,3,8,Pass
1,62,77,4,9,Fail
8,88,99,2,7,Pass
6,77,61,10,4,Pass
3,91,73,9,8,Pass
3,55,58,1,9,Fail
10,52,91,5,4,Pass
7,84,59,7,8,Pass
3,67,95,6,8,Pass
5,60,53,10,4,Fail
4,69,72,0,4,Fail
2,54,49,3,9,Fail
9,68,55,2,8,Pass
10,71,43,5,9,Pass
1,68,66,8,8,Fail
8,96,67,8,9,Pass
9,65,100,6,4,Pass
8,73,82,8,4,Pass
0,90,55,7,5,Fail
9,53,98,4,9,Pass
2,64,91,8,5,Fail
7,74,72,6,5,Pass
5,93,87,4,7,Pass
4,84,58,7,8,Pass
4,63,60,6,6,Fail
5,98,61,8,7,Pass
6,68,48,9,8,Pass
0,87,48,0,6,Fail
8,85,48,8,5,Pass
2,56,66,6,6,Fail
3,79,56,0,4,Fail
9,68,83,0,4,Fail
0,98,96,4,9,Fail
10,74,84,7,8,Pass
9,65,47,8,7,Pass
2,96,55,5,5,Fail
1,89,57,9,8,Fail
1,100,100,7,5,Pass
0,57,98,5,4,Fail
7,67,72,10,7,Pass
2,77,40,5,7,Fail
2,65,51,3,4,Fail
5,68,45,10,6,Pass
7,91,80,4,7,Pass
8,66,94,1,6,Fail
8,94,44,2,5,Fail
3,62,98,2,7,Fail
4,56,55,10,9,Pass
1,76,57,4,4,Fail
10,59,88,4,6,Pass
8,83,57,5,9,Pass
7,85,40,4,5,Fail
2,74,58,5,5,Fail
10,55,93,7,7,Pass
8,73,100,1,7,Fail
2,67,47,3,9,Fail
8,72,42,5,8,Pass
1,55,97,4,8,Fail
9,78,64,0,7,Fail
8,74,97,8,8,Pass
7,66,44,2,4,Fail
8,95,94,1,9,Pass
4,73,79,8,4,Fail
10,60,58,6,8,Pass
10,75,57,4,7,Pass
1,100,89,5,4,Pass
7,83,92,10,5,Pass
5,77,70,3,7,Fail
7,52,72,0,9,Pass
10,60,86,3,6,Pass
4,87,57,8,6,Pass
9,63,100,0,7,Pass
1,100,96,9,8,Pass
5,75,78,2,4,Fail
4,97,55,4,4,Fail
4,70,55,6,7,Fail
0,88,86,8,5,Fail
1,79,77,5,9,Fail
7,57,80,2,8,Fail
2,100,46,6,5,Fail
9,69,53,3,7,Pass
2,97,82,2,7,Fail
7,81,92,6,5,Pass
7,71,87,10,6,Pass
1,56,64,10,7,Fail
7,58,71,6,9,Pass
10,94,77,3,8,Pass
0,50,61,6,5,Fail
5,78,98,10,6,Pass
7,57,55,1,5,Fail
2,53,91,0,6,Fail
7,84,68,1,6,Fail
0,52,55,3,9,Fail
10,94,51,7,8,Pass
10,89,56,2,7,Pass
8,56,76,9,6,Pass
10,76,66,5,7,Pass
8,50,64,5,8,Pass
4,76,52,8,7,Pass
9,65,47,8,9,Pass
3,87,95,3,9,Pass
10,56,44,8,4,Pass
5,93,51,5,9,Pass
6,72,80,1,6,Pass
4,90,42,9,8,Pass
10,60,74,10,9,Pass
9,91,72,5,5,Pass
8,82,96,1,8,Pass
2,99,61,7,6,Fail
6,85,89,3,8,Pass
9,86,95,4,9,Pass
9,90,83,7,5,Pass
10,66,48,10,4,Pass
4,84,80,7,6,Pass
6,97,57,5,6,Pass
1,54,89,3,8,Fail
3,97,68,0,7,Fail
1,81,78,6,7,Fail
6,52,66,7,5,Pass
1,96,75,8,4,Fail
10,84,84,1,4,Pass
0,63,56,0,8,Fail
8,97,95,3,8,Pass
0,80,73,4,7,Fail
7,80,85,9,9,Pass
1,66,42,0,4,Fail
7,73,44,4,9,Fail
2,72,53,5,4,Fail
5,67,42,2,9,Fail
2,99,62,6,9,Fail
6,63,78,5,4,Pass
9,99,69,3,5,Pass
8,64,89,2,5,Pass
1,64,84,4,8,Fail
4,55,100,2,9,Fail
5,76,62,9,9,Pass
3,64,66,8,9,Fail
3,99,93,8,9,Pass
3,85,49,5,9,Fail
1,57,64,10,7,Fail
3,64,52,5,6,Fail
10,52,55,3,9,Pass
0,96,80,3,7,Fail
5,62,73,1,5,Fail
0,90,94,9,9,Pass
9,83,76,3,5,Pass
5,73,100,7,8,Pass
0,89,61,9,6,Fail
5,81,56,1,4,Fail
9,81,62,8,6,Pass
7,79,93,0,9,Pass
10,98,75,1,9,Pass
1,62,88,1,6,Fail
1,50,48,10,6,Fail
3,83,91,5,8,Pass
10,64,41,6,5,Pass
2,93,71,2,4,Fail
3,63,95,10,6,Pass
6,78,89,8,4,Pass
10,83,92,4,6,Pass
0,67,98,4,5,Fail
5,56,61,10,4,Pass
2,78,82,3,7,Fail
10,80,52,8,5,Pass
9,74,47,7,4,Pass
6,87,98,3,6,Pass
9,63,40,3,6,Fail
1,57,56,1,5,Fail
1,76,51,8,5,Fail
3,51,43,2,6,Fail
0,66,92,3,4,Fail
2,86,52,6,7,Fail
8,63,70,9,8,Pass
6,74,100,7,5,Pass
6,79,80,7,6,Pass
10,78,98,3,4,Pass
3,69,46,6,5,Fail
1,70,62,9,4,Fail
3,71,63,0,5,Fail
5,84,44,5,6,Fail
10,86,44,5,4,Pass
10,65,56,5,6,Pass
2,99,69,1,4,Fail
0,98,48,7,5,Fail
7,92,45,4,8,Fail
4,66,64,4,8,Pass
4,65,58,1,7,Fail
10,51,55,3,7,Pass
3,53,60,8,9,Pass
5,70,41,8,6,Fail
2,88,49,5,4,Fail
8,83,55,10,7,Pass
4,79,76,8,5,Fail
2,55,54,3,8,Fail
10,66,52,10,4,Pass
0,88,52,0,9,Fail
9,74,71,1,8,Fail
5,54,84,0,4,Fail
1,54,86,7,7,Fail
2,69,85,8,7,Fail
0,65,47,9,6,Fail
8,100,82,5,9,Pass
7,90,57,1,4,Fail
1,86,95,5,9,Fail
10,89,75,8,5,Pass
7,58,65,2,9,Fail
8,54,49,8,7,Pass
0,91,70,1,6,Fail
4,51,72,10,7,Fail
7,58,68,4,8,Pass
10,92,44,10,7,Pass
1,85,52,1,4,Fail
3,71,40,6,6,Fail
6,71,62,10,4,Pass
2,71,79,9,5,Fail
4,83,42,8,5,Fail
7,78,42,6,7,Pass
9,87,46,4,6,Pass
2,95,75,3,9,Fail
3,82,74,3,6,Fail
8,67,54,9,6,Pass
6,56,79,7,6,Pass
0,50,42,9,7,Fail
3,82,68,9,4,Fail
3,50,69,9,7,Pass
8,73,78,9,9,Pass
5,53,57,9,4,Pass
8,53,50,0,9,Fail
5,67,82,4,8,Fail
5,76,88,1,8,Fail
4,92,99,10,4,Pass
4,81,77,8,7,Fail
1,82,79,6,9,Fail
7,77,40,9,9,Pass
7,91,68,7,5,Pass
10,90,49,5,9,Pass
0,85,67,8,7,Fail
7,55,96,5,5,Pass
4,65,70,6,7,Fail
1,83,58,6,6,Fail
1,72,42,8,9,Fail
5,99,75,10,6,Pass
10,91,82,7,8,Pass
8,73,54,0,8,Fail
0,98,72,3,4,Fail
5,62,80,6,9,Pass
8,67,82,10,5,Pass
7,62,90,7,6,Pass
10,98,84,6,7,Pass
5,86,65,2,9,Pass
2,92,55,3,4,Fail
7,88,75,6,7,Pass
8,91,72,7,6,Pass
0,66,59,6,9,Fail
8,64,52,5,6,Fail
5,67,72,8,9,Pass
5,72,44,8,9,Pass
3,100,76,10,6,Pass
0,79,53,6,6,Fail
9,83,66,7,7,Pass
7,53,62,5,4,Fail
1,52,53,0,6,Fail
0,56,79,0,8,Fail
1,67,43,5,4,Fail
0,91,78,1,8,Fail
0,56,91,7,7,Fail
8,89,58,0,6,Fail
0,55,86,1,4,Fail
3,71,93,7,6,Pass
9,50,43,5,9,Fail
5,53,69,9,6,Fail
6,95,58,1,4,Fail
1,98,70,1,6,Fail
5,99,70,10,6,Pass
6,92,48,6,5,Pass
9,78,92,4,5,Pass
9,70,52,4,4,Pass
1,75,53,7,4,Fail
1,63,94,6,9,Fail
9,58,99,8,9,Pass
6,96,85,3,6,Fail
0,61,93,9,8,Pass
7,91,49,3,4,Fail
10,100,87,1,6,Pass
2,100,70,2,8,Pass
10,55,76,0,5,Fail
5,69,62,0,9,Fail
8,73,66,6,4,Pass
5,76,45,4,6,Fail
8,87,65,2,5,Fail
6,57,41,6,7,Pass
8,50,84,1,5,Fail
1,98,100,2,6,Fail
7,98,52,0,9,Fail
7,73,90,7,8,Pass
1,96,89,1,7,Fail
3,56,99,6,7,Pass
10,68,58,10,9,Pass
6,71,40,8,7,Fail
10,84,79,5,4,Pass
3,79,71,1,6,Fail
3,78,61,1,7,Fail
5,71,87,8,5,Pass
9,60,68,9,8,Pass
5,69,41,7,6,Fail
9,78,79,8,9,Pass
2,100,77,3,5,Fail
8,90,87,3,4,Pass
9,91,94,1,7,Pass
10,83,50,9,5,Pass
1,50,56,0,6,Fail
5,80,94,9,5,Pass
6,79,90,3,4,Pass
8,97,82,9,8,Pass
2,67,99,9,7,Pass
9,66,47,10,6,Pass
2,87,61,7,7,Pass
6,63,43,1,7,Fail
3,72,50,10,9,Pass
7,74,47,7,7,Pass
6,64,48,0,5,Fail
4,95,65,0,5,Fail
6,71,41,3,8,Fail
2,52,55,6,4,Fail
1,68,70,8,6,Fail
5,93,45,4,5,Fail
1,83,92,1,7,Fail
2,84,60,6,4,Pass
5,99,65,10,6,Pass
4,50,98,1,6,Fail
7,70,58,8,6,Pass
8,78,67,8,6,Pass
10,55,47,2,8,Pass
2,86,53,7,6,Fail
9,50,63,10,4,Pass
2,100,87,3,5,Fail
2,50,83,2,4,Fail
5,76,76,0,7,Fail
0,70,95,4,9,Fail
6,65,65,10,8,Pass
0,93,70,3,8,Fail
4,89,95,0,7,Fail
9,75,90,9,4,Pass
7,65,71,7,4,Pass
3,77,89,7,7,Pass
4,50,80,7,9,Pass
3,85,41,2,6,Fail
3,59,64,5,6,Fail
7,92,91,6,5,Pass
1,66,83,8,4,Pass
0,72,100,4,4,Fail
2,56,41,8,7,Fail
8,93,81,5,7,Pass
3,56,40,9,6,Fail
9,93,75,9,4,Pass
4,64,96,9,4,Pass
1,83,51,3,8,Fail
3,95,48,0,5,Fail
1,94,75,0,5,Fail
1,53,80,9,6,Fail
3,63,67,4,9,Fail
5,63,77,2,4,Fail
6,65,72,4,8,Pass
9,56,81,4,4,Fail
2,81,100,0,7,Fail
2,68,85,7,6,Pass
9,51,61,4,9,Pass
5,59,64,4,5,Fail
2,99,100,8,4,Pass
1,66,57,7,9,Fail
7,86,45,0,6,Fail
4,61,57,2,5,Fail
0,55,91,6,4,Fail
2,71,55,0,8,Fail
9,81,54,0,6,Pass
7,90,87,4,4,Pass
3,69,47,8,5,Fail
6,50,52,5,5,Fail
9,96,94,9,8,Pass
1,55,82,1,6,Fail
6,68,99,10,6,Pass
4,67,100,8,9,Pass
4,55,96,5,4,Fail
5,94,46,4,9,Pass
8,82,56,4,5,Fail
5,72,89,2,5,Fail
7,72,71,5,8,Pass
6,75,61,3,8,Fail
8,62,94,9,6,Pass
3,56,90,1,9,Fail
1,64,96,2,5,Fail
6,93,52,8,4,Pass
5,76,86,10,7,Pass
0,75,62,10,4,Fail
10,82,93,8,8,Pass
8,64,68,5,4,Pass
8,85,61,9,5,Pass
1,94,40,9,9,Pass
2,76,68,8,6,Fail
4,54,87,3,9,Fail
4,51,44,10,7,Pass
0,82,97,4,6,Fail
7,65,74,9,7,Pass
7,72,94,5,7,Pass
3,87,49,8,5,Pass
6,65,58,4,5,Fail
10,63,76,7,8,Pass
9,78,46,10,8,Pass
2,75,85,0,7,Fail
5,84,74,4,9,Fail
9,64,84,9,8,Pass
9,52,52,0,5,Fail
8,72,49,9,8,Pass
0,78,41,5,7,Fail
4,83,45,6,6,Pass
3,82,47,4,9,Fail
7,90,75,0,9,Pass
10,90,64,5,4,Pass
0,72,83,9,8,Pass
8,56,99,4,9,Pass
5,52,86,5,5,Fail
3,81,79,10,6,Pass
8,80,46,9,5,Pass
10,67,85,6,8,Pass
4,92,62,6,7,Pass
4,56,58,1,4,Fail
4,90,85,2,4,Fail
0,50,61,5,6,Fail
0,63,52,2,9,Fail
7,81,100,1,9,Fail
7,55,60,3,9,Fail
5,88,40,4,4,Fail
10,59,98,10,7,Pass
3,56,58,9,9,Pass
1,75,100,8,5,Fail
1,83,99,2,9,Fail
8,79,72,2,7,Pass
4,85,43,5,6,Fail
3,70,81,4,6,Fail
9,66,42,5,4,Fail
0,82,66,6,7,Fail
6,59,91,10,5,Pass
2,100,80,2,7,Fail
5,96,74,4,5,Pass
4,91,67,7,5,Pass
4,100,45,3,7,Fail
10,61,45,9,8,Pass
4,65,94,1,7,Fail
0,90,96,3,5,Fail
0,81,83,1,9,Fail
2,64,62,2,6,Fail
9,76,72,3,6,Pass
3,77,55,3,4,Fail
4,66,63,9,6,Pass
1,95,44,8,8,Fail
7,99,80,9,5,Pass
10,51,81,5,7,Pass
10,85,52,8,7,Pass
1,99,86,3,8,Fail
8,56,51,8,6,Fail
1,62,44,10,5,Fail
8,64,76,8,6,Pass
6,74,70,5,4,Pass
7,72,67,4,6,Fail
10,71,67,2,4,Pass
1,75,69,4,7,Fail
6,82,57,2,5,Fail
5,60,83,4,9,Pass
3,59,66,4,4,Fail
6,74,74,1,6,Fail
3,86,65,8,6,Fail
1,97,96,6,7,Pass
9,92,78,5,8,Pass
6,87,88,4,9,Pass
7,90,90,3,8,Pass
1,94,99,7,6,Pass
4,73,57,1,8,Fail
0,89,72,7,9,Pass
6,95,64,0,9,Fail
7,82,95,9,5,Pass
5,66,70,0,8,Fail
4,73,76,2,5,Fail
5,86,98,4,6,Pass
1,51,99,5,6,Fail
0,81,41,3,6,Fail
6,73,72,6,7,Pass
6,58,78,6,8,Fail
9,53,100,1,4,Fail
10,66,82,1,9,Pass
9,66,82,1,4,Pass
1,99,71,1,6,Fail
1,97,57,8,8,Fail
0,79,56,4,5,Fail
9,89,73,10,4,Pass
7,60,78,7,6,Pass
7,70,46,4,4,Fail
0,70,81,10,4,Fail
10,67,93,4,9,Pass
7,78,92,0,4,Fail
8,73,74,5,6,Pass
3,59,69,3,9,Fail
0,94,51,2,6,Fail
0,66,74,5,7,Fail
2,67,50,1,7,Fail
4,91,100,7,7,Pass
4,97,83,0,4,Fail
8,69,96,8,8,Pass
9,86,43,7,6,Pass
1,94,64,0,7,Fail
1,67,87,9,8,Pass
5,66,71,8,7,Pass
8,58,59,1,7,Fail
0,63,89,2,8,Fail
8,98,70,1,7,Pass
8,78,43,7,4,Pass
8,80,93,1,4,Pass
4,53,77,9,9,Pass
8,67,92,1,4,Fail
10,69,86,0,5,Pass
3,96,40,6,9,Fail
1,92,42,1,7,Fail
5,93,76,9,5,Pass
3,58,61,4,6,Fail
5,62,56,4,8,Fail
2,64,53,2,6,Fail
5,76,80,2,5,Fail
1,64,74,2,4,Fail
1,77,97,5,7,Pass
8,86,52,3,9,Pass
6,68,74,2,7,Fail
2,75,82,1,4,Fail
10,75,41,2,7,Pass
0,74,95,3,8,Fail
7,75,86,5,8,Pass
5,75,52,3,8,Pass
6,95,90,7,6,Pass
8,77,93,2,4,Pass
4,98,55,2,8,Fail
0,67,57,2,5,Fail
9,81,46,7,8,Pass
6,52,84,3,9,Pass
4,51,75,0,6,Fail
2,82,80,1,5,Fail
8,91,69,9,4,Pass
0,68,81,1,4,Fail
0,66,80,2,9,Fail
0,93,46,5,8,Fail
2,82,54,7,5,Fail
5,61,99,0,9,Fail
9,98,79,8,5,Pass
10,52,58,0,8,Fail
2,92,82,9,8,Pass
7,98,76,1,7,Fail
9,75,41,2,7,Pass
1,84,81,6,8,Fail
8,57,87,8,6,Pass
2,85,94,2,9,Pass
4,56,52,7,7,Fail
9,95,79,8,8,Pass
7,95,80,9,5,Pass
1,85,82,6,9,Pass
5,65,82,3,7,Fail
4,73,94,3,6,Fail
9,50,97,3,9,Pass
8,98,70,5,9,Pass
4,74,55,3,4,Fail
1,59,81,4,5,Fail
4,65,100,8,6,Pass
3,65,95,6,6,Fail
10,57,83,7,6,Pass
6,78,96,4,5,Pass
5,88,45,4,6,Fail
1,77,67,10,4,Fail
10,55,71,6,7,Pass
10,65,83,10,5,Pass
4,69,49,7,6,Fail
6,65,89,8,8,Pass
10,56,57,1,7,Fail
6,90,43,2,9,Fail
4,63,48,1,5,Fail
8,92,46,9,8,Pass
3,75,89,6,9,Pass
10,75,47,1,8,Pass
2,63,82,1,6,Fail
3,56,46,1,5,Fail
4,82,80,3,6,Fail
5,75,79,0,9,Fail
2,94,42,1,4,Fail
1,69,56,2,8,Fail
3,52,41,6,4,Fail
4,53,54,9,9,Pass
3,75,85,0,6,Fail
10,60,68,5,7,Pass
2,51,89,2,8,Fail
7,63,87,2,7,Pass
9,93,91,3,5,Pass
3,79,61,3,8,Fail
1,98,43,6,4,Fail
1,61,96,2,7,Fail
0,75,91,7,9,Fail
3,93,45,7,5,Fail
9,82,77,10,8,Pass
8,62,65,6,9,Pass
10,63,50,1,5,Pass
6,73,65,4,4,Fail
9,83,56,5,9,Pass
6,93,63,9,8,Pass
6,75,67,3,5,Pass
7,70,74,9,6,Pass
0,77,70,4,8,Fail
9,97,52,8,8,Pass
9,85,93,10,8,Pass
7,89,74,6,8,Pass
3,51,55,1,6,Fail
3,91,54,10,9,Pass
3,58,82,0,9,Fail
5,72,57,1,9,Fail
6,64,86,2,4,Fail
5,62,76,10,6,Pass
0,72,87,1,6,Fail
7,66,87,10,5,Pass
9,97,88,2,7,Pass
10,51,80,9,9,Pass
6,69,66,10,7,Pass
5,69,94,10,5,Pass
5,95,74,8,6,Pass
4,52,91,3,5,Fail
5,61,84,8,8,Pass
8,89,93,10,5,Pass
9,51,74,2,5,Fail
8,85,67,0,8,Pass
9,63,78,10,7,Pass
7,65,100,4,8,Pass
9,68,77,9,4,Pass
8,83,48,9,5,Pass
9,93,51,1,5,Pass
7,95,54,3,7,Pass
7,55,60,1,6,Fail
0,62,91,1,8,Fail
9,85,74,2,6,Pass
10,71,81,4,4,Pass
4,67,72,3,8,Fail
3,61,90,1,4,Fail
1,79,58,10,4,Fail
7,100,94,9,4,Pass
2,89,62,1,9,Fail
3,56,52,5,8,Fail
6,81,83,6,8,Pass
9,97,40,9,9,Pass
8,68,90,5,7,Pass
1,55,68,6,9,Fail
2,69,63,0,5,Fail
3,76,55,5,6,Fail
9,92,64,10,6,Pass
0,86,94,2,4,Fail
6,97,62,0,8,Fail
1,56,67,7,8,Fail
4,54,86,3,4,Fail
0,60,55,9,5,Fail
2,64,82,7,6,Fail
1,52,95,9,9,Pass
0,54,77,10,7,Fail
6,72,50,3,5,Fail
4,86,42,3,8,Fail
0,58,54,9,4,Fail
5,64,40,3,6,Fail
4,52,46,5,4,Fail
2,78,40,8,8,Fail
6,55,88,4,4,Fail
10,66,71,9,9,Pass
9,75,48,7,6,Pass
8,70,68,7,4,Pass
8,57,65,3,6,Pass
8,70,62,10,4,Pass
1,60,84,9,4,Pass
2,87,82,8,6,Fail
6,57,68,8,9,Pass
4,91,91,4,4,Pass
1,73,77,5,9,Fail
2,84,72,4,5,Fail
9,63,46,2,7,Fail
5,63,51,10,5,Pass
6,59,70,7,7,Pass
8,61,71,8,5,Pass
0,87,93,3,7,Fail
10,93,59,8,4,Pass
6,95,94,8,6,Pass
7,83,90,6,6,Pass
2,90,56,7,8,Fail
3,59,75,2,7,Fail
9,66,42,4,8,Pass
5,66,40,2,9,Fail
9,52,89,6,9,Pass
6,80,66,5,8,Pass
3,100,92,10,7,Pass
7,50,86,2,6,Fail
4,61,79,8,7,Pass
0,88,72,0,9,Fail
3,53,59,9,4,Fail
2,91,53,2,8,Fail
8,62,75,10,8,Pass
7,83,44,9,9,Pass
0,91,62,10,7,Pass
10,70,84,6,8,Pass
5,71,99,2,6,Fail
8,53,95,2,8,Pass
6,67,54,1,7,Fail
3,54,45,8,9,Fail
0,68,72,10,6,Fail
1,51,94,3,6,Fail
4,61,58,9,8,Pass
10,66,52,5,7,Pass
4,59,68,1,8,Fail
7,83,100,8,4,Pass
5,55,45,6,9,Fail
7,57,54,9,4,Fail
1,100,55,4,6,Fail
2,60,63,6,8,Fail
5,61,62,3,4,Fail
9,58,87,9,5,Pass
2,51,49,6,4,Fail
5,57,93,1,8,Fail
5,60,80,6,8,Fail
1,85,80,3,9,Fail
6,59,88,3,4,Fail
1,70,56,0,8,Fail
5,69,88,2,8,Fail
0,97,95,4,9,Fail
2,57,83,4,9,Fail
1,85,84,1,9,Fail
6,78,69,3,9,Pass
3,91,83,0,5,Fail
7,61,85,8,6,Pass
5,63,49,0,8,Fail
9,97,94,5,7,Pass
3,99,58,6,9,Pass
4,70,68,2,6,Fail
8,71,41,0,9,Fail
6,70,75,6,6,Pass
9,93,58,2,7,Pass
8,99,46,9,4,Pass
6,79,65,5,5,Fail
0,88,54,5,8,Fail
7,69,86,3,4,Fail
3,73,95,10,7,Pass
2,72,77,5,5,Fail
6,56,42,10,5,Fail
2,58,77,9,5,Pass
7,50,55,3,7,Fail
5,75,41,7,9,Pass
4,87,70,8,9,Pass
3,87,67,1,9,Fail
7,93,46,6,4,Pass
7,71,69,8,8,Pass
0,93,82,8,5,Fail
8,59,97,4,5,Pass
4,55,46,0,4,Fail
3,66,75,5,9,Fail
5,100,68,7,5,Pass
5,99,63,0,5,Fail
1,87,91,1,7,Fail
7,73,78,0,6,Fail
6,100,43,4,4,Fail
0,59,68,1,4,Fail
4,57,83,9,9,Pass
5,70,44,9,4,Pass
3,55,94,3,9,Pass
1,70,68,0,7,Fail
3,88,69,6,7,Pass
0,73,68,7,8,Fail
6,82,65,4,9,Fail
1,67,58,1,7,Fail
1,77,65,7,9,Fail
8,81,76,0,4,Fail
4,61,66,6,8,Fail
1,97,69,0,6,Fail
10,91,90,5,5,Pass
8,76,92,5,5,Pass
8,59,69,4,8,Pass
0,95,42,1,9,Fail
10,91,98,1,9,Pass
2,81,97,8,9,Pass
3,91,82,4,6,Pass
6,75,46,4,5,Fail
9,74,100,6,8,Pass
3,60,88,5,9,Pass
1,72,96,1,7,Fail
6,83,48,10,4,Pass
5,89,92,0,6,Fail
2,72,80,4,9,Fail
5,78,81,3,5,Pass
10,80,52,2,4,Pass
5,56,54,1,8,Fail
4,89,93,9,9,Pass
3,82,44,1,5,Fail
9,70,68,3,4,Fail
0,51,74,1,7,Fail
9,67,66,3,6,Pass
5,96,66,2,8,Fail
1,82,47,8,5,Fail
2,86,71,6,7,Fail
7,83,59,10,6,Pass
9,69,49,2,6,Fail
5,84,52,7,7,Pass
2,100,68,8,5,Pass
6,99,74,6,6,Pass
3,67,100,5,8,Pass
8,95,93,3,4,Pass
4,73,47,4,8,Fail
2,57,68,7,9,Fail
1,79,70,2,6,Fail
10,93,80,1,4,Pass
1,59,69,2,7,Fail
2,72,61,6,4,Fail
1,98,60,7,4,Fail
3,60,51,0,4,Fail
1,51,50,6,6,Fail
9,75,41,8,9,Pass
8,85,89,2,9,Pass
1,82,80,2,5,Fail
8,96,41,7,9,Pass
5,62,73,3,6,Fail
0,89,42,7,5,Fail
3,74,55,4,7,Fail
0,53,90,2,7,Fail
5,91,43,3,7,Fail
3,68,62,3,7,Fail
2,67,96,7,7,Pass
2,86,89,5,8,Pass
8,79,59,6,6,Pass
5,68,64,8,5,Pass
8,72,69,5,7,Pass
4,65,57,2,8,Fail
1,50,81,2,9,Fail
7,61,50,10,8,Pass
4,73,68,2,8,Fail
1,83,56,9,6,Fail
3,57,65,1,7,Fail
8,67,95,0,8,Pass
3,97,96,10,8,Pass
3,54,62,9,7,Fail
1,75,95,0,6,Fail
5,79,91,3,8,Pass
10,62,87,2,5,Pass
1,68,59,4,4,Fail
6,78,84,8,9,Pass
2,52,41,7,4,Fail
2,75,63,8,4,Pass
4,89,70,4,6,Fail
2,61,66,7,8,Fail
1,51,41,3,4,Fail
9,60,96,4,4,Pass
8,93,53,2,9,Pass
1,77,43,4,7,Fail
10,67,88,2,8,Pass
1,62,52,4,8,Fail
7,86,75,10,9,Pass
8,71,74,4,7,Fail
6,61,83,5,8,Pass
2,51,93,8,5,Pass
8,86,94,0,9,Pass
2,56,47,9,6,Fail
4,75,41,5,7,Fail
8,75,45,0,9,Pass
2,73,70,5,4,Fail
6,61,93,1,8,Fail
0,65,49,7,5,Fail
3,72,83,10,5,Pass
3,89,60,2,6,Fail
6,58,81,9,9,Pass
7,81,49,5,5,Pass
0,64,62,5,9,Fail
4,86,42,3,8,Fail
6,62,71,4,8,Fail
3,54,59,1,5,Fail
3,60,49,9,8,Fail
3,59,68,9,9,Fail
5,62,80,7,8,Pass
6,90,91,9,4,Pass
1,95,90,6,9,Pass
4,99,85,9,7,Pass
3,64,73,5,8,Fail
2,91,76,6,8,Fail
6,56,59,0,9,Fail
10,89,100,4,6,Pass
5,77,100,6,7,Pass
6,81,47,0,7,Fail
4,84,46,1,7,Fail
5,64,45,8,5,Fail
4,97,50,2,4,Fail
6,85,83,5,4,Pass
1,70,57,6,6,Fail
10,55,90,8,7,Pass
4,50,81,4,7,Fail
5,53,96,3,8,Fail
5,60,68,10,9,Pass
4,93,64,1,5,Fail
9,75,60,2,5,Fail
6,86,85,4,6,Pass
9,72,42,10,4,Pass
7,78,57,1,7,Fail
6,70,63,3,9,Fail
4,97,86,0,6,Pass
0,94,77,3,5,Fail
4,94,49,6,5,Pass
9,98,66,2,5,Pass
1,76,51,9,7,Fail
4,88,46,7,7,Fail
4,89,56,5,7,Fail
1,62,40,5,8,Fail
4,72,97,0,4,Fail
3,65,89,4,5,Fail
0,79,65,2,5,Fail
2,53,54,9,8,Fail
0,89,90,0,5,Fail
10,65,99,7,5,Pass
4,80,72,6,7,Pass
3,91,76,6,7,Pass
6,74,86,9,4,Pass
4,93,70,9,5,Pass
9,61,74,9,6,Pass
3,75,40,3,5,Fail
1,86,47,10,5,Fail
3,97,51,5,4,Fail
1,82,98,8,6,Pass
7,77,93,2,5,Pass
2,58,96,8,9,Pass
8,61,58,3,9,Pass
3,54,64,4,6,Fail
5,77,96,6,9,Pass
9,84,71,5,7,Pass
4,54,51,9,7,Fail
9,83,52,7,6,Pass
0,95,67,7,5,Fail
8,83,40,7,6,Pass
0,62,90,2,9,Fail
7,88,45,9,6,Pass
8,91,47,5,9,Pass
8,94,43,6,7,Pass
0,97,44,8,6,Fail
1,63,64,9,8,Fail
0,60,61,9,9,Fail
9,91,67,3,8,Pass
1,87,78,4,7,Fail
9,53,62,7,5,Pass
7,82,43,0,9,Fail
4,56,91,5,5,Pass
10,90,43,3,7,Pass
6,57,86,4,5,Pass
1,86,98,10,9,Pass
7,100,60,4,4,Fail
10,59,76,1,9,Fail
5,92,95,7,9,Pass
7,64,80,1,8,Pass
0,87,41,3,4,Fail
0,64,98,4,4,Fail
6,54,46,0,4,Fail
7,78,88,5,9,Pass
2,68,55,1,7,Fail
4,100,56,4,4,Fail
0,59,59,5,6,Fail
6,61,97,10,5,Pass
4,53,62,7,7,Pass
7,80,73,8,6,Pass
7,67,50,5,9,Fail
8,65,73,4,9,Pass
6,89,72,3,6,Pass
10,85,65,1,8,Pass
0,74,41,1,8,Fail
2,72,100,6,6,Pass
7,61,62,4,8,Pass
2,83,80,6,5,Fail
7,85,61,10,5,Pass
0,86,97,0,9,Fail
4,52,73,0,8,Fail
3,58,99,4,4,Fail
4,67,54,1,6,Fail
7,92,49,7,5,Pass
9,84,54,2,8,Pass
3,83,81,0,8,Fail
10,90,68,1,5,Pass
3,63,96,9,5,Pass
2,53,62,9,4,Fail
6,78,98,6,8,Pass
2,90,56,5,8,Fail
2,94,99,7,7,Pass
10,99,48,6,9,Pass
9,64,89,9,4,Pass
4,77,75,7,5,Pass
4,91,48,2,5,Fail
5,65,55,5,6,Fail
7,61,75,6,9,Pass
9,54,87,9,5,Pass
5,83,90,10,8,Pass
0,91,72,0,5,Fail
7,50,94,0,8,Fail
7,88,70,6,8,Pass
8,81,45,10,4,Pass
8,75,49,2,5,Fail
1,66,55,2,4,Fail
1,97,43,4,9,Fail
2,76,93,10,8,Pass
0,73,61,5,9,Fail
3,84,52,1,5,Fail
3,95,55,2,9,Fail
8,91,91,5,9,Pass
8,88,68,2,5,Fail
8,75,45,4,4,Pass
9,98,65,8,4,Pass
6,87,50,2,8,Pass
1,72,63,10,8,Fail
9,71,68,5,5,Pass
4,53,42,10,5,Fail
3,98,91,4,7,Pass
10,58,49,4,7,Pass
7,53,100,10,6,Pass
1,56,99,5,8,Fail
5,72,40,5,9,Fail
4,51,91,0,6,Fail
1,98,82,10,6,Pass
10,73,65,8,4,Pass
9,89,97,4,9,Pass
0,80,51,0,4,Fail
7,96,53,7,7,Pass
1,80,64,6,6,Fail
6,96,47,6,7,Pass
8,89,82,4,9,Pass
8,97,43,0,9,Fail
7,100,67,8,8,Pass
10,92,46,10,5,Pass
9,83,49,8,4,Pass
8,73,90,7,8,Pass
1,98,96,4,8,Fail
5,75,97,2,4,Pass
3,65,75,7,4,Fail
3,96,41,0,9,Fail
4,62,65,2,9,Fail
2,64,92,10,6,Pass
0,76,89,6,7,Fail
7,53,53,3,9,Fail
4,65,97,6,8,Pass
2,79,55,10,6,Pass
9,93,93,4,6,Pass
6,79,82,5,8,Pass
6,85,81,6,9,Pass
0,52,56,9,8,Fail
8,71,85,6,5,Pass
1,98,61,6,9,Fail
4,71,43,6,7,Fail
4,99,58,10,8,Pass
7,99,41,6,9,Pass
7,98,78,2,4,Pass
6,61,48,2,5,Fail
6,70,99,6,7,Pass
10,53,58,1,9,Pass
5,80,55,1,4,Fail
5,93,93,2,9,Pass
10,80,64,3,4,Pass
8,72,87,5,7,Pass
5,69,57,7,5,Fail
1,64,62,9,4,Fail
1,72,92,9,6,Fail
4,77,60,6,7,Fail
3,65,50,3,7,Fail
10,86,78,1,8,Pass
1,70,80,1,5,Fail
2,64,43,3,6,Fail
6,66,64,5,6,Pass
7,99,71,2,8,Pass
5,86,69,5,4,Fail
10,62,84,4,4,Pass
4,68,98,4,6,Pass
0,79,65,1,5,Fail
7,94,96,7,4,Pass
2,67,100,4,7,Fail
5,63,75,10,9,Pass
2,85,90,1,8,Fail
6,85,73,6,5,Pass
6,69,48,8,4,Pass
8,68,51,8,9,Pass
4,94,41,0,6,Fail
7,93,77,6,8,Pass
9,56,44,8,4,Pass
9,93,44,5,6,Pass
7,53,91,0,4,Fail
0,83,61,1,8,Fail
4,51,44,3,7,Fail
2,54,98,3,7,Fail
0,59,43,1,9,Fail
3,81,100,7,6,Pass
7,91,48,1,7,Fail
2,90,68,2,8,Fail
9,62,61,3,6,Pass
1,88,66,8,4,Fail
10,54,49,9,5,Pass
8,59,55,0,4,Fail
9,59,81,7,8,Pass
4,87,100,4,9,Pass
6,76,81,6,6,Pass
10,100,100,7,4,Pass
10,70,90,4,6,Pass
1,57,49,7,7,Fail
8,50,45,9,5,Pass
8,77,88,10,8,Pass
3,98,44,7,4,Fail
3,88,97,8,5,Pass
5,63,45,1,8,Fail
9,70,98,2,8,Pass
9,79,95,0,9,Pass
9,70,98,3,7,Pass
5,98,86,4,9,Pass
0,58,64,10,9,Fail
8,66,98,0,6,Pass
1,54,90,7,6,Fail
4,80,89,1,5,Fail
8,89,100,0,7,Pass
3,87,43,1,8,Fail
10,92,79,4,7,Pass
2,68,98,8,7,Pass
6,85,87,8,5,Pass
5,99,71,1,6,Fail
7,82,95,1,7,Pass
2,62,90,2,7,Fail
4,63,91,6,7,Pass
9,82,74,10,4,Pass
3,78,49,2,7,Fail
3,92,73,0,7,Fail
3,98,75,5,8,Fail
9,85,45,2,9,Pass
7,93,82,0,4,Fail
5,59,85,3,7,Pass
2,80,55,0,9,Fail
9,55,98,0,7,Fail
4,50,92,1,5,Fail
5,56,58,9,5,Fail
4,76,73,7,9,Pass
5,70,64,1,4,Fail
7,77,70,10,8,Pass
6,65,88,1,4,Fail
4,95,80,10,4,Pass
9,72,56,10,5,Pass
5,69,86,9,5,Pass
3,87,69,9,8,Fail
8,74,78,7,7,Pass
3,77,93,5,8,Pass
0,54,94,10,7,Pass
6,70,70,3,9,Pass
6,67,58,2,9,Fail
3,96,74,0,6,Fail
2,55,68,10,5,Fail
7,78,98,2,6,Pass
4,68,40,8,6,Fail
9,82,43,4,5,Pass
6,50,67,5,6,Pass
3,94,57,4,4,Fail
3,52,65,0,7,Fail
7,91,79,9,8,Pass
7,70,58,0,5,Fail
1,84,94,3,4,Fail
1,90,94,2,9,Fail
2,89,99,10,8,Pass
2,52,96,7,8,Pass
0,74,45,6,8,Fail
2,94,40,10,6,Pass
5,87,47,6,6,Fail
7,94,72,7,6,Pass
9,69,90,9,6,Pass
5,93,82,6,4,Fail
4,94,60,9,6,Pass
3,83,63,1,5,Fail
2,70,64,3,8,Fail
3,97,86,10,4,Pass
6,72,94,5,9,Pass
0,55,96,2,6,Fail
6,100,82,2,9,Pass
0,62,58,5,8,Fail
1,98,68,0,4,Fail
3,72,92,0,8,Fail
0,58,49,4,9,Fail
10,66,95,0,4,Pass
10,51,51,9,7,Pass
10,68,72,7,4,Pass
8,68,95,1,6,Pass
5,56,46,5,9,Fail
0,91,56,9,8,Pass
0,91,100,9,8,Pass
5,69,100,4,8,Pass
3,58,97,9,5,Pass
3,66,99,3,5,Fail
10,76,49,0,6,Fail
5,96,70,2,7,Fail
10,51,99,3,5,Pass
6,85,45,1,4,Fail
8,68,56,1,9,Pass
9,66,89,1,6,Pass
4,54,76,10,7,Pass
8,88,57,0,4,Fail
3,67,65,9,8,Fail
9,56,88,1,5,Pass
1,66,93,5,4,Fail
2,88,55,2,7,Fail
10,85,47,9,6,Pass
0,89,63,4,4,Fail
5,94,52,0,6,Fail
5,53,68,7,8,Pass
0,87,71,3,7,Fail
10,74,63,8,7,Pass
2,54,55,3,5,Fail
4,79,50,1,9,Fail
2,61,71,2,7,Fail
9,53,45,4,4,Pass
2,73,98,9,4,Fail
9,78,74,5,4,Pass
2,58,72,6,8,Fail
4,53,57,3,7,Fail
4,100,76,6,7,Pass
3,73,52,9,4,Fail
0,63,49,2,5,Fail
4,54,76,6,5,Fail
9,67,65,3,7,Pass
4,91,85,7,7,Pass
3,68,56,8,6,Fail
5,61,40,6,7,Fail
9,67,64,7,4,Pass
3,66,73,7,9,Pass
6,79,78,1,8,Fail
6,73,49,8,7,Pass
1,60,59,5,7,Fail
2,84,46,10,4,Fail
0,72,95,3,6,Fail
7,66,55,4,9,Pass
8,50,76,9,7,Pass
3,64,68,4,5,Fail
5,81,99,6,5,Pass
8,58,51,8,5,Pass
5,64,56,6,8,Pass
8,77,87,8,8,Pass
3,73,59,3,9,Fail
7,84,65,9,7,Pass
8,71,87,9,7,Pass
3,76,58,3,7,Fail
4,68,97,5,8,Fail
7,94,86,7,9,Pass
9,61,51,8,7,Pass
5,69,60,0,4,Fail
6,50,81,0,6,Fail
2,70,100,7,5,Fail
6,98,97,10,5,Pass
7,94,100,6,4,Pass
9,50,93,8,7,Pass
5,59,73,10,9,Pass
9,96,46,2,9,Pass
8,81,84,9,8,Pass
5,88,74,4,7,Pass
8,71,54,2,9,Pass
3,67,40,4,7,Fail
7,97,65,9,5,Pass
10,95,74,0,5,Pass
3,81,64,10,8,Pass
1,76,81,3,5,Fail
9,77,98,5,7,Pass
10,67,98,1,4,Pass
8,88,54,6,8,Pass
4,98,61,7,4,Fail
3,78,98,0,7,Fail
1,67,45,3,8,Fail
0,93,91,10,4,Pass
10,57,54,3,8,Pass
6,80,63,4,7,Pass
5,83,60,3,9,Fail
1,56,46,8,8,Fail
7,85,96,6,9,Pass
10,67,100,1,7,Pass
3,87,68,0,8,Fail
7,58,71,8,8,Pass
6,58,71,0,9,Fail
4,95,92,5,5,Pass
9,57,98,1,9,Pass
9,100,44,3,9,Pass
7,84,43,5,9,Pass
8,67,61,4,7,Fail
4,54,57,10,6,Pass
9,63,74,5,9,Pass
4,77,56,2,8,Fail
1,79,89,4,4,Fail
4,53,89,1,5,Fail
2,88,95,6,9,Pass
6,69,63,2,9,Fail
9,74,41,0,5,Fail
4,77,52,7,9,Pass
7,61,93,7,8,Pass
0,51,54,2,6,Fail
2,92,44,6,9,Fail
2,63,42,8,5,Fail
8,71,76,7,9,Pass
4,80,76,2,7,Fail
8,72,76,1,8,Pass
8,97,42,9,8,Pass
0,69,74,6,6,Fail
1,87,91,6,7,Fail
4,53,62,8,7,Pass
3,64,99,4,6,Fail
9,73,67,3,4,Fail
8,74,99,7,9,Pass
6,50,69,3,7,Fail
5,56,57,3,4,Fail
6,80,97,1,4,Pass
0,61,91,0,8,Fail
0,91,75,3,9,Fail
7,54,72,6,8,Pass
1,93,65,8,5,Pass
9,99,87,8,8,Pass
10,91,79,9,7,Pass
8,87,56,0,7,Fail
6,61,79,4,9,Fail
5,88,46,6,4,Fail
0,67,96,6,7,Fail
0,51,47,9,8,Fail
1,59,92,5,8,Fail
5,64,95,10,9,Pass
5,79,70,9,8,Pass
1,93,98,3,6,Fail
0,66,97,2,9,Fail
9,53,51,8,9,Pass
4,56,87,9,7,Pass
4,90,70,3,9,Fail
1,80,83,7,5,Fail
5,100,58,0,7,Fail
8,88,49,6,7,Pass
1,83,78,5,6,Fail
9,55,51,0,7,Fail
1,99,59,3,4,Fail
2,87,76,4,8,Fail
6,94,87,10,8,Pass
5,100,80,7,9,Pass
7,83,46,3,6,Fail
7,93,91,2,8,Pass
5,64,93,1,4,Fail
10,63,97,3,6,Pass
9,55,53,10,5,Pass
2,99,50,9,8,Pass
2,86,46,3,7,Fail
0,99,68,9,4,Fail
6,81,49,4,4,Fail
4,52,68,6,8,Fail
3,52,48,8,9,Fail
9,71,75,1,5,Fail
3,71,87,4,7,Fail
3,59,49,10,5,Fail
5,100,58,9,5,Pass
7,52,95,8,8,Pass
7,61,70,2,7,Fail
4,78,56,0,8,Fail
5,97,48,1,8,Fail
3,66,84,5,9,Fail
10,56,72,4,4,Pass
8,62,73,0,9,Fail
7,51,84,0,9,Fail
9,53,63,10,8,Pass
9,59,48,3,9,Pass
0,88,46,3,9,Fail
1,73,55,5,6,Fail
8,66,58,5,7,Fail
7,55,78,9,4,Pass
2,68,45,5,7,Fail
7,54,89,0,4,Fail
0,81,90,9,6,Pass
9,59,50,8,8,Pass
3,58,100,10,4,Pass
2,76,51,6,4,Fail
5,62,100,6,4,Pass
6,68,97,10,6,Pass
3,70,81,6,7,Fail
6,73,52,1,6,Fail
8,87,51,1,4,Fail
10,53,60,5,9,Pass
1,73,49,6,4,Fail
10,84,59,2,9,Pass
2,52,89,3,8,Fail
4,53,75,2,6,Fail
2,86,67,6,9,Pass
10,89,63,6,6,Pass
7,97,44,3,5,Fail
9,84,76,6,7,Pass
7,80,100,4,5,Pass
7,93,99,0,9,Pass
8,74,51,9,5,Pass
3,89,97,3,7,Pass
4,62,74,6,9,Pass
4,53,100,1,8,Fail
7,95,79,1,8,Pass
6,63,93,0,7,Fail
8,62,41,1,7,Fail
7,76,89,9,9,Pass
1,55,80,7,6,Fail
9,66,84,10,9,Pass
3,85,78,7,6,Fail
5,89,81,7,6,Pass
1,98,48,0,6,Fail
6,84,61,0,9,Fail
2,66,86,9,4,Pass
2,90,44,3,4,Fail
10,51,51,5,8,Pass
1,62,40,7,4,Fail
10,51,83,1,4,Pass
7,77,61,2,6,Fail
5,92,77,5,6,Pass
0,75,90,9,7,Pass
0,71,58,3,6,Fail
6,96,55,1,9,Pass
7,92,70,6,7,Pass
4,52,90,3,7,Fail
10,84,42,7,4,Pass
4,61,62,7,6,Fail
3,73,81,6,4,Fail
5,54,98,9,6,Pass
5,69,57,8,4,Fail
2,88,65,3,4,Fail
8,88,52,6,4,Pass
10,62,97,9,9,Pass
6,90,57,9,8,Pass
0,94,42,0,4,Fail
6,61,97,3,5,Fail
4,62,99,1,5,Fail
4,59,62,8,5,Pass
1,82,42,4,9,Fail
3,89,94,2,7,Fail
5,65,64,3,4,Fail
9,94,66,5,5,Pass
10,84,97,9,9,Pass
6,52,83,0,7,Fail
10,54,66,6,5,Pass
4,75,91,7,6,Pass
8,60,78,6,8,Pass
2,56,64,6,4,Fail
0,59,63,8,8,Fail
3,91,47,3,8,Fail
8,83,48,6,6,Pass
3,52,85,8,6,Pass
1,57,76,4,6,Fail
9,80,69,1,7,Pass
4,60,92,4,5,Fail
2,94,58,3,4,Fail
8,56,92,7,6,Pass
3,94,55,4,9,Fail
5,51,63,8,4,Pass
1,55,83,8,4,Fail
5,90,60,2,4,Fail
2,81,75,9,6,Fail
8,69,79,5,6,Pass
10,83,78,5,5,Pass
1,99,86,3,6,Fail
8,65,45,10,6,Pass
4,74,44,9,4,Fail
7,61,53,2,5,Fail
1,56,92,0,8,Fail
5,88,84,6,6,Pass
2,66,81,4,9,Fail
9,94,89,9,6,Pass
4,60,100,6,8,Pass
7,55,43,0,4,Fail
9,72,47,7,5,Pass
0,76,63,2,4,Fail
4,95,50,6,7,Pass
2,55,56,2,6,Fail
3,87,89,2,9,Pass
1,51,60,9,7,Fail
8,71,96,8,6,Pass
2,69,65,1,7,Fail
1,74,82,3,8,Fail
9,64,87,5,6,Pass
10,98,83,2,9,Pass
8,78,84,9,6,Pass
6,57,66,9,7,Pass
5,86,55,6,5,Pass
0,98,94,6,7,Pass
4,82,65,4,6,Fail
10,71,92,2,6,Pass
10,99,72,1,5,Pass
2,96,70,3,4,Fail
0,54,87,3,5,Fail
3,88,86,10,4,Pass
1,67,45,7,9,Fail
1,87,83,7,6,Fail
2,86,47,4,8,Fail
7,79,46,5,8,Pass
7,100,73,7,7,Pass
6,80,83,0,5,Fail
5,59,92,4,5,Pass
8,64,53,3,8,Fail
3,91,55,3,4,Fail
0,97,82,10,5,Pass
7,93,91,1,4,Fail
6,67,48,9,4,Pass
6,72,49,0,4,Fail
2,82,56,5,4,Fail
3,65,51,6,7,Fail
9,87,45,4,7,Pass
8,84,58,7,8,Pass
5,83,82,8,7,Pass
4,77,80,10,9,Pass
2,51,92,10,5,Pass
8,79,68,1,9,Pass
4,62,45,10,7,Pass
4,90,98,3,5,Fail
3,65,64,10,5,Pass
3,54,96,8,4,Fail
0,77,63,4,8,Fail
6,88,64,2,4,Pass
8,94,55,5,4,Pass
2,69,91,2,9,Fail
1,73,55,4,7,Fail
2,76,45,2,9,Fail
0,79,76,5,7,Fail
5,94,60,9,9,Pass
10,76,43,4,5,Pass
10,75,73,8,7,Pass
6,56,67,2,7,Fail
10,91,77,5,9,Pass
10,96,80,7,6,Pass
1,87,67,6,5,Fail
7,54,56,5,5,Fail
5,72,53,1,6,Fail
3,77,46,6,9,Fail
4,83,61,7,9,Pass
7,64,90,0,5,Pass
2,81,40,8,9,Fail
2,75,68,3,8,Fail
10,97,91,7,8,Pass
3,80,70,9,6,Fail
0,68,69,6,7,Fail
8,58,96,9,8,Pass
7,78,54,6,9,Pass
7,100,57,1,6,Fail
9,88,74,0,8,Fail
5,53,89,3,4,Fail
6,52,69,1,6,Fail
5,78,73,7,5,Pass
8,60,81,9,8,Pass
2,82,50,6,5,Fail
2,87,66,7,6,Fail
2,60,63,10,8,Fail
9,76,74,5,5,Pass
2,82,78,0,7,Fail
8,70,47,8,7,Pass
3,88,90,5,4,Pass
6,80,57,9,9,Pass
8,87,52,0,6,Pass
10,95,84,0,9,Pass
6,51,63,7,9,Pass
8,76,90,5,5,Pass
2,85,62,7,4,Fail
3,60,51,7,6,Fail
7,96,88,10,7,Pass
5,67,69,7,9,Fail
4,50,70,9,5,Fail
3,84,67,6,9,Fail
7,84,61,6,8,Pass
0,80,83,9,7,Pass
8,77,67,3,9,Pass
0,88,52,8,8,Fail
7,50,64,1,8,Fail
3,74,83,10,5,Pass
8,92,90,8,5,Pass
10,87,85,9,8,Pass
4,69,46,2,4,Fail
2,52,84,1,9,Fail
8,100,45,3,8,Pass
10,51,63,4,8,Pass
8,67,58,1,5,Fail
3,93,58,0,9,Fail
10,59,75,9,6,Pass
3,54,90,10,7,Pass
7,58,48,4,5,Fail
1,51,87,8,9,Pass
8,83,98,4,9,Pass
5,87,75,10,4,Pass
8,80,77,9,7,Pass
7,59,79,8,5,Pass
6,99,98,9,5,Pass
0,61,68,5,6,Fail
2,85,63,2,4,Fail
10,70,87,3,4,Pass
1,98,44,3,9,Fail
4,96,92,0,9,Pass
4,55,93,2,5,Fail
4,97,81,2,6,Fail
3,98,94,0,5,Fail
4,52,84,8,8,Pass
2,59,100,10,9,Pass
0,54,65,0,8,Fail
4,95,53,8,6,Pass
8,75,78,0,5,Fail
8,70,68,1,9,Fail
3,94,91,1,6,Fail
2,75,45,5,5,Fail
0,87,46,6,5,Fail
1,93,76,10,8,Fail
7,75,92,0,7,Pass
0,57,57,2,4,Fail
7,54,62,1,9,Fail
6,64,83,7,4,Pass
7,65,77,8,6,Pass
5,50,98,1,4,Fail
8,65,40,1,8,Fail
2,86,43,9,7,Fail
9,52,90,8,9,Pass
3,96,83,3,5,Pass
5,80,86,4,5,Pass
7,62,74,10,8,Pass
4,65,62,8,9,Pass
2,92,66,5,4,Fail
5,70,99,9,5,Pass
3,51,65,8,4,Fail
8,76,91,8,8,Pass
2,87,99,6,5,Fail
3,75,47,9,6,Fail
6,87,82,8,7,Pass
6,95,55,4,4,Pass
3,74,80,4,9,Fail
5,60,42,7,4,Fail
2,57,71,9,4,Fail
5,57,44,3,4,Fail
1,82,59,8,8,Fail
7,56,53,6,8,Pass
1,87,99,6,9,Pass
10,70,71,2,8,Pass
6,57,65,3,9,Fail
8,100,86,6,9,Pass
0,70,45,10,8,Fail
7,69,98,10,5,Pass
6,57,97,4,8,Pass
5,95,75,2,5,Fail
5,80,79,0,6,Fail
5,99,90,6,8,Pass
8,78,98,5,6,Pass
1,97,44,9,8,Fail
0,58,52,6,6,Fail
5,64,71,1,7,Fail
9,79,55,3,6,Pass
10,75,40,1,5,Pass
7,59,52,7,4,Fail
2,78,93,6,9,Pass
9,65,50,0,6,Fail
0,85,92,1,4,Fail
8,69,47,1,7,Fail
0,94,64,3,7,Fail
2,86,79,2,5,Fail
7,71,71,0,5,Fail
2,56,63,1,6,Fail
3,72,67,10,8,Pass
7,90,53,8,7,Pass
0,89,84,0,4,Fail
5,78,42,8,8,Pass
0,65,75,6,7,Fail
0,87,66,1,6,Fail
7,77,59,1,7,Fail
10,97,86,4,5,Pass
3,87,54,4,4,Fail
0,80,66,3,4,Fail
9,63,92,9,5,Pass
6,82,84,9,8,Pass
4,58,80,2,5,Fail
4,76,67,3,4,Fail
0,73,64,9,6,Pass
9,62,81,3,8,Pass
10,75,100,1,9,Pass
5,78,83,4,7,Pass
8,100,85,4,9,Pass
8,98,72,4,6,Pass
7,92,85,10,9,Pass
4,77,53,10,8,Pass
0,77,47,9,4,Fail
8,57,87,0,4,Pass
0,72,53,5,6,Fail
7,78,40,10,9,Pass
4,54,55,1,8,Fail
2,91,57,6,7,Fail
10,56,46,3,9,Fail
6,91,54,4,9,Pass
6,85,63,4,7,Pass
8,90,88,4,5,Pass
6,76,90,1,6,Fail
10,95,94,4,8,Pass
2,51,52,2,6,Fail
10,74,48,3,7,Pass
0,58,95,1,8,Fail
7,76,95,3,4,Pass
2,50,54,8,4,Fail
7,72,96,7,8,Pass
7,59,97,10,6,Pass
4,91,74,2,6,Fail
0,74,63,0,4,Fail
9,52,72,0,4,Fail
6,55,55,5,7,Fail
9,55,47,2,8,Fail
4,51,68,3,6,Fail
7,67,62,0,7,Fail
8,72,84,7,6,Pass
10,51,70,0,4,Fail
6,61,79,4,8,Fail
6,71,88,5,5,Pass
0,86,93,1,8,Fail
3,69,94,6,9,Pass
1,88,53,6,5,Fail
1,73,98,0,7,Fail
1,97,92,3,5,Fail
3,69,69,3,5,Fail
0,50,92,4,7,Fail
3,50,78,0,8,Fail
1,66,66,0,7,Fail
4,50,86,6,9,Fail
2,94,55,8,4,Fail
7,79,90,0,4,Fail
3,90,45,1,5,Fail
0,96,94,5,7,Fail
0,52,72,5,7,Fail
9,95,83,1,7,Pass
2,60,57,8,9,Fail
8,73,55,3,9,Pass
6,71,51,6,8,Pass
1,93,59,5,6,Fail
8,94,84,10,6,Pass
9,75,79,10,6,Pass
1,62,98,2,8,Fail
2,50,68,7,7,Fail
10,73,69,6,6,Pass
9,59,65,8,7,Pass
1,84,61,2,5,Fail
2,73,72,0,6,Fail
5,77,97,1,5,Fail
8,85,92,10,8,Pass
8,65,78,0,4,Fail
6,89,86,10,9,Pass
2,65,68,4,8,Fail
3,66,61,9,8,Pass
5,100,84,1,8,Pass
10,64,52,2,6,Pass
4,65,99,7,5,Pass
1,64,48,9,9,Fail
5,83,63,4,6,Fail
2,60,54,3,4,Fail
7,50,75,4,9,Fail
1,64,52,9,8,Fail
0,75,66,5,7,Fail
8,100,83,6,4,Pass
2,53,76,8,5,Fail
10,92,46,0,4,Pass
0,54,47,3,6,Fail
6,84,76,8,7,Pass
9,62,80,4,6,Pass
4,59,53,7,9,Fail
4,60,97,0,8,Fail
0,67,51,3,8,Fail
8,83,75,8,4,Pass
6,88,91,0,8,Fail
7,90,100,0,8,Pass
8,91,79,3,9,Pass
5,99,56,2,5,Fail
4,72,79,6,5,Fail
5,56,92,10,6,Pass
10,88,68,2,6,Pass
1,52,66,0,5,Fail
3,61,40,10,4,Fail
2,56,91,9,5,Pass
6,98,73,1,6,Fail
8,75,43,9,7,Pass
4,82,63,3,8,Fail
5,86,60,0,9,Fail
9,97,72,0,7,Pass
1,64,46,7,7,Fail
2,51,40,6,8,Fail
2,90,80,7,5,Pass
8,56,42,3,4,Fail
6,81,83,5,7,Pass
7,53,90,2,4,Pass
10,69,54,10,9,Pass
9,99,70,7,9,Pass
10,85,93,3,9,Pass
8,81,55,2,6,Fail
5,77,49,3,7,Fail
3,62,93,5,9,Fail
0,50,68,10,6,Fail
7,84,98,6,9,Pass
6,97,98,6,5,Pass
1,79,45,3,7,Fail
7,85,68,7,6,Pass
4,74,56,6,9,Fail
6,65,92,1,6,Fail
3,68,99,7,9,Pass
4,50,61,8,5,Pass
7,54,63,4,4,Pass
0,100,100,3,9,Fail
0,71,56,3,4,Fail
3,73,60,3,7,Fail
2,92,90,5,5,Pass
9,94,89,10,7,Pass
1,86,50,3,4,Fail
2,85,95,6,5,Pass
10,85,46,6,8,Pass
10,53,81,4,5,Pass
10,85,78,4,5,Pass
0,67,44,9,8,Fail
0,99,83,7,6,Pass
5,65,87,6,6,Pass
4,90,100,6,6,Pass
7,67,96,5,4,Pass
1,71,60,6,5,Fail
3,51,57,6,9,Fail
7,70,74,9,8,Pass
5,85,59,1,9,Fail
0,93,54,9,4,Fail
3,88,44,1,8,Fail
0,96,52,9,9,Pass
1,88,90,6,4,Pass
4,78,51,9,4,Pass
7,75,94,6,4,Pass
7,70,60,6,8,Pass
10,66,76,4,9,Pass
2,65,45,0,9,Fail
10,80,46,1,7,Fail
3,100,65,8,4,Pass
9,58,81,7,6,Pass
10,80,87,7,5,Pass
5,63,47,9,7,Pass
10,98,48,0,7,Fail
10,86,66,5,8,Pass
9,51,43,8,7,Pass
2,97,60,7,9,Fail
1,95,70,2,8,Fail
5,63,60,3,8,Fail
10,82,79,2,6,Pass
4,84,64,5,4,Fail
9,88,78,8,7,Pass
4,96,54,7,4,Pass
9,100,92,9,4,Pass
4,69,74,3,4,Fail
9,51,88,1,8,Pass
4,100,82,7,4,Pass
2,90,80,7,7,Pass
6,68,76,10,8,Pass
5,86,96,5,7,Pass
3,67,81,7,8,Pass
1,65,86,8,5,Fail
8,53,67,0,5,Fail
0,61,100,8,5,Pass
10,78,53,1,5,Pass
3,56,43,0,8,Fail
0,63,92,7,4,Fail
5,61,59,7,6,Pass
3,84,73,10,9,Pass
4,54,51,3,6,Fail
4,66,72,7,5,Fail
8,91,63,6,4,Pass
0,81,59,1,7,Fail
1,59,44,4,4,Fail
5,92,77,9,7,Pass
4,66,69,3,6,Fail
10,54,63,2,4,Fail
6,94,82,0,4,Fail
2,91,79,4,9,Pass
2,58,46,9,6,Fail
9,98,75,7,4,Pass
1,82,77,8,7,Pass
2,85,55,6,4,Fail
9,85,91,10,7,Pass
0,67,54,0,5,Fail
4,58,85,0,4,Fail
4,78,62,0,7,Fail
10,99,51,1,6,Pass
6,63,68,0,5,Fail
3,74,83,3,4,Fail
2,64,87,9,9,Pass
0,55,54,8,7,Fail
7,91,68,3,9,Pass
2,78,84,3,4,Fail
1,64,82,6,7,Fail
10,78,88,10,4,Pass
3,53,60,8,5,Fail
2,67,54,6,5,Fail
0,99,53,0,4,Fail
2,98,81,0,4,Fail
1,93,83,3,8,Fail
7,88,55,3,4,Fail
5,65,54,0,4,Fail
8,60,81,5,9,Pass
7,63,43,9,9,Fail
9,52,66,1,5,Fail
2,100,62,10,9,Pass
4,99,68,4,4,Pass
6,91,80,7,6,Pass
4,87,92,2,4,Pass
7,94,91,8,8,Pass
4,91,48,6,7,Fail
0,67,92,8,5,Fail
4,69,96,0,9,Fail
3,97,95,4,6,Fail
5,74,91,2,7,Pass
2,87,82,3,6,Fail
10,62,82,3,5,Pass
4,53,46,10,9,Fail
1,63,92,6,8,Fail
10,82,81,9,5,Pass
5,77,43,10,6,Pass
5,86,44,7,6,Fail
4,57,44,10,5,Fail
5,93,50,9,4,Pass
10,83,80,4,5,Pass
6,93,67,9,9,Pass
4,54,55,6,9,Fail
0,54,80,2,8,Fail
7,80,93,2,5,Pass
3,94,69,2,7,Fail
8,58,43,3,9,Pass
9,91,41,5,9,Pass
5,81,85,4,9,Pass
0,82,42,7,4,Fail
2,52,89,4,7,Fail
2,79,60,10,5,Pass
9,99,45,4,4,Pass
3,61,82,9,9,Pass
5,78,92,1,7,Pass
6,52,57,10,7,Pass
9,75,83,10,4,Pass
3,79,44,4,9,Fail
5,58,48,6,4,Fail
10,75,59,1,6,Fail
0,51,67,5,9,Fail
7,52,65,6,4,Pass
6,95,57,4,5,Pass
10,53,58,8,9,Pass
10,74,42,3,8,Pass
8,100,48,9,9,Pass
2,62,75,0,6,Fail
1,88,70,7,4,Fail
0,93,88,7,8,Fail
2,84,56,6,6,Fail
4,72,94,7,5,Pass
10,58,62,1,9,Pass
1,51,73,2,8,Fail
2,90,80,8,4,Pass
3,93,80,0,4,Fail
6,80,44,7,5,Pass
2,93,54,7,6,Fail
8,96,86,6,8,Pass
7,51,42,10,5,Fail
3,81,58,4,6,Fail
0,67,67,3,7,Fail
0,62,42,9,7,Fail
0,95,77,9,6,Fail
0,54,43,9,4,Fail
7,91,63,9,4,Pass
2,93,70,5,7,Pass
5,59,84,10,4,Pass
2,92,98,0,4,Fail
10,74,84,4,6,Pass
4,83,98,3,9,Pass
6,86,50,3,6,Fail
1,79,76,6,4,Fail
5,56,40,8,6,Fail
5,55,48,7,8,Fail
10,52,56,10,7,Pass
2,62,93,7,9,Pass
5,52,40,4,8,Fail
9,75,42,5,8,Pass
9,73,86,1,4,Pass
4,55,65,10,4,Fail
1,92,92,2,8,Fail
8,98,70,4,8,Pass
7,91,65,1,5,Fail
2,61,62,2,5,Fail
7,98,69,3,7,Pass
8,85,49,5,8,Fail
2,51,47,4,6,Fail
2,60,83,9,9,Pass
1,88,64,3,5,Fail
7,83,61,1,4,Fail
9,75,54,10,8,Pass
0,67,98,4,6,Fail
7,70,80,4,9,Pass
6,85,95,10,6,Pass
6,89,96,6,6,Pass
2,95,49,0,4,Fail
0,93,59,3,5,Fail
3,71,80,10,6,Pass
8,79,86,4,9,Pass
4,99,62,7,5,Fail
0,92,92,7,7,Pass
4,79,92,0,4,Fail
7,57,40,4,5,Fail
7,83,41,9,5,Pass
4,96,97,0,6,Fail
8,58,58,0,9,Fail
0,100,53,1,6,Fail
3,69,47,1,9,Fail
2,89,77,8,4,Fail
1,74,51,3,5,Fail
7,68,65,2,8,Fail
6,54,66,10,9,Pass
8,60,68,0,9,Fail
1,64,54,1,6,Fail
3,57,85,5,6,Fail
5,68,92,8,7,Pass
10,72,100,4,9,Pass
2,76,40,3,4,Fail
7,89,99,4,5,Pass
2,81,82,8,5,Fail
1,75,67,6,5,Fail
2,76,96,7,9,Pass
10,68,42,3,6,Fail
5,99,90,10,4,Pass
1,91,57,7,5,Fail
7,78,91,5,9,Pass
0,88,99,4,8,Pass
6,90,73,6,7,Pass
1,82,71,5,7,Fail
9,68,68,2,5,Pass
5,86,64,4,6,Fail
1,68,99,8,7,Pass
1,82,65,6,7,Fail
9,96,78,3,7,Pass
7,65,47,6,7,Pass
1,72,58,4,5,Fail
6,56,93,10,9,Pass
2,75,86,1,4,Fail
7,81,81,5,4,Pass
6,61,61,6,6,Pass
7,57,68,7,9,Pass
6,54,72,5,8,Pass
10,91,77,7,4,Pass
5,77,84,6,8,Pass
6,54,85,1,4,Fail
4,98,74,5,4,Fail
6,75,82,8,6,Pass
0,54,42,5,7,Fail
0,71,58,3,6,Fail
8,64,49,6,4,Pass
4,62,66,2,9,Fail
4,77,54,4,7,Fail
2,82,50,0,9,Fail
4,92,86,9,9,Pass
2,72,65,2,9,Fail
8,82,98,7,7,Pass
8,92,63,8,9,Pass
5,67,52,8,7,Fail
0,99,71,9,8,Pass
6,79,76,1,4,Fail
6,75,43,3,5,Fail
9,65,52,4,9,Pass
9,62,48,2,6,Fail
3,88,96,10,8,Pass
7,82,88,0,6,Fail
5,75,73,5,5,Fail
3,97,95,9,7,Pass
3,50,76,1,5,Fail
1,98,87,8,6,Pass
1,87,46,0,5,Fail
3,51,40,10,4,Fail
4,98,99,8,5,Pass
7,55,97,6,9,Pass
5,95,51,10,4,Pass
3,99,60,9,9,Pass
10,87,50,1,5,Pass
6,91,83,5,4,Pass
7,73,90,7,4,Pass
1,67,97,1,5,Fail
6,76,83,4,8,Pass
1,90,83,10,7,Pass
1,57,53,5,7,Fail
7,77,73,2,7,Pass
1,59,73,1,4,Fail
10,66,64,10,7,Pass
8,78,100,5,4,Pass
0,55,43,2,8,Fail
8,63,91,1,5,Pass
0,71,94,0,5,Fail
9,55,65,7,4,Pass
9,75,55,0,4,Fail
1,88,49,4,8,Fail
5,61,84,10,7,Pass
5,84,41,5,8,Fail
0,63,74,10,5,Fail
6,71,58,2,5,Fail
7,100,45,6,9,Pass
1,72,58,1,7,Fail
7,97,98,6,5,Pass
8,56,92,1,9,Fail
5,89,91,4,4,Pass
4,99,90,6,5,Pass
8,74,47,10,6,Pass
10,62,53,10,7,Pass
8,70,49,2,9,Fail
0,90,42,10,7,Fail
10,59,77,3,7,Pass
2,58,68,0,6,Fail
8,64,54,2,8,Fail
10,51,62,8,4,Pass
1,74,62,9,7,Fail
3,62,57,4,5,Fail
3,83,85,7,4,Pass
1,100,58,1,5,Fail
2,83,67,2,4,Fail
2,84,65,6,4,Fail
0,87,49,9,9,Fail
5,52,86,3,5,Fail
7,91,43,8,5,Pass
2,55,94,6,4,Fail
4,97,41,10,7,Pass
0,98,42,0,5,Fail
9,68,46,3,6,Fail
6,52,94,9,6,Pass
9,67,55,10,4,Pass
0,88,70,5,8,Fail
10,58,49,5,4,Pass
8,61,58,9,4,Pass
7,54,67,5,7,Pass
6,52,56,4,7,Fail
9,60,67,2,9,Pass
6,79,58,1,8,Fail
4,53,76,2,8,Fail
4,54,62,8,8,Pass
10,50,59,2,8,Pass
4,76,52,2,8,Fail
0,77,52,0,4,Fail
7,78,82,1,4,Fail
10,67,50,10,9,Pass
0,61,87,2,6,Fail
3,62,54,1,6,Fail
8,90,56,7,9,Pass
8,51,93,5,9,Pass
4,86,89,6,5,Pass
3,94,67,0,4,Fail
2,65,58,5,8,Fail
2,97,43,1,5,Fail
4,73,61,5,7,Fail
9,84,61,2,4,Pass
0,71,94,6,9,Pass
4,85,76,2,6,Fail
5,60,78,8,4,Pass
6,95,73,2,9,Fail
8,78,72,6,4,Pass
2,84,83,3,4,Fail
1,97,81,7,4,Pass
2,64,79,1,7,Fail
8,80,72,7,6,Pass
6,91,51,8,4,Pass
8,90,41,7,9,Pass
1,92,98,5,7,Pass
4,65,67,9,5,Fail
3,59,49,0,4,Fail
1,98,61,6,7,Fail
8,81,56,0,8,Fail
8,100,65,6,5,Pass
5,51,42,1,6,Fail
10,73,46,7,4,Pass
5,72,83,1,4,Fail
7,51,47,2,7,Fail
5,87,59,2,6,Pass
0,80,51,0,8,Fail
3,100,74,4,5,Fail
6,89,56,4,9,Pass
1,75,67,9,6,Pass
8,78,80,4,4,Pass
7,52,49,8,7,Pass
7,63,61,5,8,Fail
6,74,77,5,7,Fail
3,97,96,2,5,Fail
1,50,72,4,6,Fail
2,52,61,9,7,Fail
5,75,83,6,9,Pass
4,67,76,2,9,Fail
7,58,52,1,7,Fail
5,87,66,4,4,Fail
5,72,54,2,7,Fail
0,70,61,4,8,Fail
3,50,69,8,6,Fail
4,70,82,10,5,Pass
10,76,79,9,9,Pass
2,91,76,0,7,Fail
8,55,73,3,8,Pass
0,93,83,9,9,Pass
5,85,99,4,9,Pass
5,77,73,1,5,Fail
9,94,97,1,9,Pass
4,66,87,0,8,Fail
4,89,92,7,9,Pass
9,52,74,1,9,Pass
4,61,81,2,7,Fail
5,88,58,1,7,Fail
7,61,47,3,6,Fail
1,51,78,0,4,Fail
5,95,72,2,8,Pass
0,71,83,4,4,Fail
3,72,100,9,4,Pass
9,79,67,0,9,Fail
2,54,76,3,5,Fail
8,58,87,5,5,Pass
2,70,64,3,9,Fail
5,60,75,6,8,Fail
0,54,56,6,4,Fail
5,84,63,5,6,Pass
3,76,60,8,4,Fail
7,98,41,1,5,Fail
10,51,70,9,4,Pass
8,73,83,7,7,Pass
3,80,72,7,7,Pass
9,82,69,10,6,Pass
9,88,51,9,8,Pass
5,79,83,10,4,Pass
0,95,51,3,7,Fail
3,86,90,5,8,Pass
6,100,96,10,7,Pass
0,77,88,5,8,Pass
7,80,91,4,8,Pass
9,60,63,0,7,Fail
10,72,63,2,9,Pass
5,51,97,6,5,Pass
4,89,99,7,8,Pass
9,90,50,1,9,Pass
10,76,52,2,4,Fail
8,84,66,3,9,Pass
1,51,47,10,7,Fail
4,88,49,4,9,Fail
5,86,47,2,5,Fail
6,70,59,4,7,Pass
4,54,47,7,6,Fail
8,94,48,7,4,Pass
0,70,46,1,6,Fail
6,78,53,5,9,Pass
9,69,67,3,8,Pass
6,87,41,8,9,Pass
3,69,96,9,8,Pass
8,99,82,1,6,Pass
10,74,47,7,6,Pass
4,51,52,0,8,Fail
3,81,60,10,5,Fail
6,75,86,5,4,Pass
3,55,67,10,7,Pass
2,90,74,10,6,Pass
8,52,62,9,4,Pass
10,82,85,0,7,Pass
7,50,54,1,9,Fail
0,100,41,2,7,Fail
6,54,100,8,6,Pass
8,62,90,4,5,Fail
7,68,51,9,5,Pass
7,61,96,9,4,Pass
5,97,91,1,9,Pass
10,74,75,9,4,Pass
3,100,42,4,8,Fail
7,84,44,4,5,Fail
2,61,42,0,4,Fail
8,79,96,2,8,Pass
1,54,86,4,9,Fail
1,83,58,8,7,Fail
6,71,41,9,4,Fail
9,88,83,0,8,Pass
3,62,76,7,5,Fail
9,96,93,0,7,Pass
7,52,56,8,4,Pass
8,69,53,5,5,Pass
6,80,67,0,7,Fail
4,54,66,7,6,Fail
7,73,93,4,5,Pass
3,89,49,6,6,Fail
1,82,42,6,9,Fail
10,57,75,6,4,Pass
5,73,77,5,8,Pass
8,99,95,10,4,Pass
0,69,64,7,5,Fail
10,65,61,8,6,Pass
9,99,87,1,6,Pass
6,61,78,6,7,Pass
9,62,86,1,4,Pass
8,94,69,5,4,Pass
9,91,60,1,5,Fail
8,88,69,9,6,Pass
9,74,67,5,5,Pass
10,95,70,1,5,Pass
2,81,96,0,9,Fail
10,73,91,6,6,Pass
4,97,65,2,5,Fail
7,96,82,3,6,Pass
7,93,61,5,5,Pass
3,58,60,4,8,Fail
10,89,40,3,5,Pass
10,99,76,8,5,Pass
0,72,52,5,8,Fail
0,99,60,5,4,Fail
3,62,85,1,6,Fail
5,81,48,5,7,Pass
7,99,56,6,8,Pass
5,64,86,7,4,Pass
8,85,60,7,5,Pass
8,98,70,8,9,Pass
1,54,78,9,4,Fail
9,71,98,10,8,Pass
0,65,93,2,9,Fail
1,90,61,9,5,Pass
4,59,51,6,4,Fail
3,73,94,6,7,Fail
3,67,45,0,6,Fail
8,98,92,7,6,Pass
10,67,55,3,8,Pass
7,56,65,4,5,Fail
5,53,44,5,5,Fail
0,75,48,2,6,Fail
1,54,85,4,4,Fail
5,65,79,9,5,Pass
10,84,53,4,7,Pass
1,75,83,0,7,Fail
9,67,81,2,5,Pass
4,78,69,2,5,Fail
4,72,91,0,6,Fail
5,63,91,6,8,Fail
5,64,65,0,6,Fail
5,98,92,6,8,Pass
1,82,84,3,7,Fail
9,74,68,8,8,Pass
2,70,58,6,6,Fail
5,66,86,4,5,Pass
7,72,47,6,8,Pass
10,92,62,8,6,Pass
0,66,92,9,7,Pass
0,63,81,5,9,Fail
10,78,74,0,8,Pass
1,69,70,5,7,Fail
10,79,92,0,7,Pass
5,68,74,3,4,Fail
8,88,71,7,9,Pass
3,62,97,4,8,Fail
2,67,44,4,6,Fail
7,72,55,9,8,Pass
10,95,56,10,8,Pass
9,82,71,7,9,Pass
8,88,77,7,7,Pass
10,89,97,0,7,Pass
4,67,71,4,7,Fail
8,58,91,4,7,Pass
1,82,59,7,9,Fail
2,81,87,0,6,Fail
6,66,95,6,5,Pass
6,68,41,6,4,Fail
5,76,59,8,7,Pass
5,55,86,1,7,Fail
1,84,57,2,4,Fail
9,86,40,3,7,Fail
5,83,97,0,5,Fail
3,69,68,6,8,Fail
2,74,68,9,4,Fail
10,53,58,2,6,Fail
1,59,83,2,4,Fail
0,59,79,2,5,Fail
10,73,45,7,9,Pass
10,70,83,8,6,Pass
4,60,78,9,8,Pass
1,76,89,1,7,Fail
1,65,93,9,4,Pass
6,75,85,9,6,Pass
7,79,47,0,4,Fail
9,98,63,8,8,Pass
7,65,59,5,4,Fail
3,56,93,8,6,Pass
0,65,53,5,5,Fail
10,84,44,1,9,Pass
6,65,80,0,6,Fail
0,89,79,7,4,Fail
10,61,73,2,8,Pass
3,84,99,0,7,Fail
7,98,55,7,7,Pass
1,70,84,0,8,Fail
5,99,46,7,4,Pass
5,92,55,0,9,Fail
8,85,46,8,8,Pass
4,97,66,8,4,Pass
9,66,53,8,6,Pass
3,81,53,2,9,Fail
4,90,83,3,5,Fail
9,55,72,4,4,Pass
10,73,72,5,7,Pass
4,76,83,8,7,Pass
7,69,59,10,9,Pass
9,74,92,3,5,Pass
7,51,86,5,4,Pass
1,58,75,0,5,Fail
6,77,46,1,6,Fail
7,87,71,7,5,Pass
10,52,87,3,6,Pass
5,69,42,9,7,Pass
4,55,78,6,6,Fail
10,88,68,3,4,Pass
8,82,63,8,9,Pass
2,50,61,8,9,Fail
9,86,45,3,4,Fail
3,55,87,7,4,Fail
8,94,63,5,4,Pass
5,83,79,0,8,Fail
7,96,62,6,6,Pass
6,64,93,0,4,Fail
10,94,77,2,9,Pass
1,75,49,7,5,Fail
2,63,55,8,5,Fail
0,56,50,2,8,Fail
8,95,71,0,6,Fail
6,80,84,0,6,Fail
0,73,100,6,6,Fail
2,80,45,4,9,Fail
3,78,63,0,9,Fail
3,91,72,5,8,Pass
4,81,92,5,6,Pass
2,66,90,3,6,Fail
2,63,51,6,4,Fail
0,89,95,6,6,Fail
6,85,66,8,9,Pass
10,97,77,0,4,Pass
9,73,57,4,4,Pass
0,94,84,9,6,Pass
1,76,78,2,5,Fail
3,74,94,6,7,Pass
3,81,52,3,9,Fail
4,67,92,3,5,Pass
10,95,79,0,6,Pass
1,67,69,0,6,Fail
3,86,92,9,5,Pass
0,75,88,1,6,Fail
1,58,80,1,9,Fail
0,84,91,0,4,Fail
9,57,52,7,8,Pass
9,69,73,5,6,Pass
3,91,75,5,6,Pass
3,71,69,9,5,Fail
6,68,100,9,4,Pass
9,79,64,8,5,Pass
10,77,41,4,9,Pass
10,84,75,3,5,Pass
8,92,57,10,6,Pass
8,60,44,5,4,Fail
4,80,58,7,9,Pass
9,98,81,0,6,Pass
0,97,57,6,9,Fail
0,88,96,7,6,Fail
5,85,71,8,6,Pass
1,79,60,10,6,Fail
7,72,49,7,8,Pass
8,68,76,6,7,Pass
3,61,88,2,4,Fail
4,64,61,1,8,Fail
10,80,52,2,7,Fail
7,92,94,3,9,Pass
2,86,56,3,7,Fail
4,86,48,5,7,Fail
2,64,63,6,8,Fail
9,78,83,3,4,Pass
2,99,53,9,5,Pass
2,92,85,5,7,Fail
6,75,47,8,5,Pass
6,93,94,5,5,Pass
6,51,76,2,6,Fail
9,69,58,0,5,Fail
7,64,67,10,9,Pass
4,53,85,9,9,Pass
4,71,80,9,6,Pass
3,99,69,4,4,Fail
6,87,46,9,4,Pass
9,72,98,9,9,Pass
3,75,97,2,6,Fail
1,100,65,7,4,Fail
3,60,79,9,7,Pass
7,77,85,0,4,Pass
8,51,93,10,6,Pass
2,57,99,1,9,Fail
6,78,85,2,7,Pass
8,60,50,2,5,Fail
10,86,53,7,5,Pass
3,67,60,4,5,Fail
9,99,47,7,9,Pass
2,63,42,10,6,Fail
4,59,67,10,5,Pass
0,84,100,5,4,Fail
2,58,68,1,5,Fail
7,84,62,10,8,Pass
10,60,57,3,9,Pass
7,93,74,8,8,Pass
3,61,52,3,5,Fail
1,52,51,4,5,Fail
7,88,86,4,8,Pass
7,63,89,9,9,Pass
9,77,44,7,9,Pass
3,60,78,5,5,Fail
2,88,50,9,9,Pass
1,74,97,6,7,Fail
8,70,98,5,9,Pass
0,59,50,4,8,Fail
6,92,98,4,6,Pass
4,64,86,2,8,Fail
7,68,81,6,4,Pass
3,97,86,9,7,Pass
6,71,70,4,6,Pass
4,70,70,6,5,Fail
4,93,52,1,4,Fail
8,81,53,8,4,Pass
8,99,88,7,7,Pass
8,72,84,4,6,Pass
5,62,81,1,4,Fail
5,54,64,5,6,Fail
4,53,72,7,6,Fail
8,77,72,6,9,Pass
9,63,54,7,4,Pass
7,57,55,3,6,Fail
6,58,83,2,7,Fail
6,100,97,6,4,Pass
5,84,95,1,7,Pass
4,86,77,4,7,Fail
3,70,45,6,6,Fail
2,67,83,0,6,Fail
2,82,64,3,9,Fail
5,57,54,1,9,Fail
3,100,43,5,4,Fail
5,98,95,0,9,Pass
2,66,43,6,5,Fail
3,92,69,2,4,Fail
8,80,73,0,7,Fail
4,83,66,7,9,Pass
6,55,70,6,9,Pass
9,71,95,1,9,Pass
1,63,71,6,6,Fail
4,52,83,2,7,Fail
8,61,78,8,9,Pass
10,85,91,7,8,Pass
2,61,48,4,8,Fail
8,94,80,6,7,Pass
10,51,47,2,9,Pass
5,51,53,0,5,Fail
3,64,72,0,5,Fail
6,72,62,10,4,Pass
7,78,60,1,4,Fail
5,66,94,7,9,Pass
4,81,51,0,4,Fail
5,56,96,10,6,Pass
4,79,41,4,5,Fail
7,77,52,8,7,Pass
0,63,98,8,9,Pass
10,93,43,1,9,Pass
6,79,59,6,8,Pass
9,66,89,10,5,Pass
9,81,90,0,5,Pass
10,95,87,2,5,Pass
1,55,98,5,4,Fail
8,100,53,8,6,Pass
0,73,69,9,7,Fail
10,55,68,1,4,Fail
9,76,47,6,6,Pass
5,67,51,3,5,Fail
8,73,80,1,6,Pass
0,86,77,2,4,Fail
3,73,65,5,5,Fail
3,87,89,9,4,Pass
8,83,41,8,7,Pass
10,89,94,7,5,Pass
4,96,79,9,6,Pass
4,64,95,10,4,Pass
5,60,53,8,8,Pass
0,71,45,3,6,Fail
0,73,81,3,6,Fail
8,50,79,8,5,Pass
2,67,70,7,9,Pass
3,93,56,1,6,Fail
0,61,64,7,4,Fail
8,92,100,0,8,Pass
7,77,71,8,7,Pass
1,89,51,8,8,Fail
7,56,88,7,4,Pass
6,72,52,10,5,Pass
10,70,58,4,4,Pass
5,83,83,4,9,Pass
0,60,87,2,9,Fail
6,71,64,4,9,Fail
9,91,70,3,6,Pass
6,84,98,0,5,Fail
8,78,76,8,9,Pass
0,91,64,9,7,Pass
1,77,55,3,7,Fail
10,67,96,2,4,Pass
8,63,77,5,9,Pass
8,67,82,0,6,Pass
5,77,88,4,7,Pass
5,73,97,6,8,Pass
3,57,62,1,5,Fail
3,91,53,9,8,Pass
4,94,45,8,7,Pass
2,57,64,5,7,Fail
0,53,62,1,4,Fail
0,76,99,7,4,Fail
6,85,82,7,9,Pass
0,54,51,0,5,Fail
0,82,52,0,9,Fail
2,98,75,0,4,Fail
9,83,78,3,6,Pass
3,79,73,3,5,Fail
3,57,45,7,6,Fail
1,88,77,0,9,Fail
0,96,89,9,4,Pass
2,75,91,2,5,Fail
10,86,79,10,9,Pass
3,83,47,0,7,Fail
2,56,100,8,9,Pass
7,89,47,9,8,Pass
9,77,79,8,7,Pass
0,88,72,6,6,Fail
1,88,73,7,7,Fail
6,77,83,0,9,Fail
3,63,54,4,7,Fail
7,99,75,1,8,Pass
10,87,99,0,9,Pass
2,53,96,2,8,Fail
5,91,74,6,7,Pass
8,67,85,0,8,Fail
0,93,61,10,7,Fail
0,97,62,1,5,Fail
7,74,79,1,7,Fail
2,56,84,3,4,Fail
4,87,94,2,8,Fail
0,77,90,2,8,Fail
4,54,61,9,6,Fail
10,52,44,4,6,Pass
5,93,70,2,4,Fail
7,80,52,10,8,Pass
2,96,67,6,8,Pass
2,91,97,4,6,Pass
10,69,59,3,6,Fail
10,68,72,2,7,Pass
9,97,55,3,9,Pass
8,60,68,1,8,Fail
3,89,62,0,8,Fail
3,52,63,2,7,Fail
6,72,73,10,8,Pass
1,56,46,1,4,Fail
7,72,77,0,6,Fail
5,56,76,0,6,Fail
2,95,100,1,9,Fail
8,83,43,8,6,Pass
4,91,73,4,5,Fail
7,68,81,8,4,Pass
6,58,61,7,4,Fail
7,97,44,10,7,Pass
6,100,89,5,5,Pass
2,67,81,0,8,Fail
1,90,62,9,9,Pass
6,97,93,4,4,Pass
2,94,99,0,5,Fail
2,91,54,6,5,Fail
1,74,70,9,4,Pass
3,63,98,10,7,Pass
7,93,48,7,5,Pass
0,74,82,7,6,Fail
0,68,97,6,5,Fail
4,88,92,1,8,Fail
10,64,64,4,4,Pass
4,65,64,3,8,Fail
10,76,100,4,7,Pass
0,89,88,9,9,Pass
5,59,60,8,6,Fail
0,53,48,3,4,Fail
4,100,94,7,5,Fail
8,68,87,7,6,Pass
4,77,77,1,5,Pass
5,70,61,5,7,Pass
7,96,82,4,9,Pass
10,63,62,1,4,Fail
0,82,88,9,7,Fail
1,97,43,3,7,Fail
8,59,68,6,9,Pass
2,68,54,0,7,Fail
5,79,40,8,7,Pass
4,71,93,9,5,Pass
10,52,69,0,8,Fail
1,86,68,4,5,Fail
6,90,59,6,9,Pass
3,67,72,7,6,Pass
0,60,80,1,9,Fail
3,97,83,3,9,Fail
5,51,75,1,9,Fail
6,61,99,3,9,Pass
6,55,61,5,7,Fail
6,92,52,5,9,Fail
2,89,46,1,6,Fail
5,93,47,10,9,Pass
7,78,67,3,5,Fail
3,79,84,3,7,Fail
7,51,82,0,5,Fail
1,58,48,1,7,Fail
9,96,64,2,5,Pass
8,51,95,10,4,Pass
8,78,55,4,8,Pass
7,82,49,10,8,Pass
9,59,50,7,7,Pass
9,83,70,5,4,Fail
0,93,51,2,6,Fail
1,57,99,5,4,Fail
5,86,70,6,7,Pass
9,82,53,5,4,Pass
4,96,90,9,6,Pass
8,55,83,5,7,Pass
4,93,71,0,8,Fail
1,89,89,2,9,Fail
9,94,92,6,4,Pass
3,68,56,3,8,Fail
8,81,74,3,8,Pass
0,76,40,6,5,Fail
10,50,68,8,6,Pass
0,92,90,10,9,Pass
6,82,100,1,4,Pass
10,89,43,8,8,Pass
2,81,62,2,8,Fail
9,54,67,5,6,Pass
1,66,55,3,9,Fail
8,57,51,0,9,Fail
2,91,92,8,8,Pass
1,83,60,10,8,Fail
7,58,84,5,8,Pass
9,72,56,7,8,Pass
5,84,79,1,5,Fail
5,99,52,6,5,Pass
9,56,91,5,9,Pass
10,64,97,1,7,Pass
6,69,71,1,4,Fail
6,99,76,3,6,Fail
10,74,89,3,7,Pass
5,52,54,2,5,Fail
3,95,51,7,5,Fail
10,73,100,6,5,Pass
8,83,88,1,7,Pass
5,95,96,2,5,Pass
3,71,54,9,7,Fail
2,60,73,8,5,Fail
3,97,45,4,8,Fail
2,57,56,1,8,Fail
1,88,87,2,4,Fail
4,92,88,7,5,Pass
1,84,96,3,4,Fail
5,98,59,1,7,Fail
2,95,48,1,4,Fail
5,87,98,5,5,Pass
10,57,44,7,7,Pass
9,86,62,6,7,Pass
8,76,72,3,8,Pass
0,77,77,1,7,Fail
5,89,95,8,7,Pass
8,83,53,3,4,Fail
10,81,56,8,9,Pass
3,64,96,4,7,Fail
10,93,58,10,6,Pass
1,66,72,10,9,Pass
3,82,40,6,8,Fail
0,96,52,4,8,Fail
2,95,85,1,7,Fail
9,65,66,5,4,Pass
8,78,45,6,9,Pass
9,58,98,10,8,Pass
4,82,45,5,8,Fail
10,98,72,2,6,Pass
5,78,69,9,7,Pass
2,62,85,7,9,Fail
4,70,74,2,8,Fail
10,70,62,4,8,Pass
7,54,49,8,8,Pass
5,59,90,10,8,Pass
3,55,58,4,4,Fail
1,100,90,6,5,Fail
8,62,67,10,6,Pass
0,50,62,6,4,Fail
0,69,43,4,6,Fail
3,96,59,1,8,Fail
6,95,58,4,6,Pass
0,57,81,6,7,Fail
8,59,66,6,7,Pass
3,58,96,3,5,Fail
2,98,73,0,5,Fail
0,90,43,5,6,Fail
9,52,95,2,4,Pass
3,60,77,10,4,Pass
8,61,46,4,8,Fail
9,59,87,3,4,Pass
5,74,100,1,5,Fail
5,98,46,6,4,Fail
0,98,89,4,8,Fail
9,74,91,6,7,Pass
1,60,65,8,4,Fail
10,85,65,3,4,Pass
5,88,93,4,5,Fail
1,75,58,8,6,Fail
2,63,48,9,7,Pass
3,88,100,10,6,Pass
10,89,59,3,8,Pass
4,50,81,4,8,Fail
8,53,84,4,6,Pass
3,79,89,7,5,Pass
10,61,55,3,9,Pass
8,84,93,3,5,Pass
10,62,56,6,9,Pass
9,80,61,10,9,Pass
2,87,52,4,5,Fail
7,92,51,5,9,Pass
0,72,49,5,9,Fail
10,53,40,5,9,Pass
8,65,71,9,7,Pass
8,56,69,4,8,Pass
9,71,47,4,9,Pass
1,78,60,8,8,Fail
3,60,61,7,8,Fail
7,82,57,3,7,Pass
6,78,41,6,8,Pass
0,88,87,7,6,Fail
4,61,83,8,4,Pass
6,56,48,4,7,Fail
3,88,42,2,4,Fail
0,91,93,3,6,Fail
8,97,65,9,5,Pass
4,75,60,5,5,Fail
10,89,69,9,9,Pass
1,58,67,10,5,Fail
7,90,75,4,7,Pass
10,83,65,8,5,Pass
1,94,73,10,7,Pass
2,62,47,10,7,Fail
9,85,49,2,4,Fail
0,74,87,1,5,Fail
10,73,94,5,8,Pass
1,93,82,6,5,Pass
6,66,89,4,5,Pass
9,51,93,0,5,Fail
1,62,53,2,9,Fail
5,80,79,2,8,Pass
2,78,94,3,8,Fail
3,99,54,9,7,Fail
10,77,56,5,8,Pass
7,76,92,4,7,Pass
2,64,57,0,4,Fail
9,80,71,5,7,Pass
5,89,77,8,5,Pass
0,64,62,10,6,Fail
6,82,85,0,6,Pass
7,69,62,7,9,Pass
10,91,74,7,5,Pass
7,61,78,2,7,Pass
2,86,54,8,5,Fail
9,58,92,10,9,Pass
0,72,63,10,8,Fail
8,57,67,7,7,Pass
5,81,55,2,5,Fail
10,97,55,9,8,Pass
8,63,79,4,9,Pass
6,76,78,2,8,Fail
0,74,45,4,7,Fail
0,62,41,8,9,Fail
5,70,93,3,9,Pass
4,94,52,5,9,Pass
8,80,83,2,4,Fail
1,86,86,2,9,Fail
7,97,98,4,4,Pass
10,92,48,7,8,Pass
4,54,73,7,4,Fail
1,62,56,2,8,Fail
9,77,66,7,4,Pass
10,92,68,10,8,Pass
10,74,76,7,8,Pass
5,100,82,2,9,Fail
9,84,61,9,9,Pass
7,96,90,9,8,Pass
3,88,63,1,9,Fail
1,56,46,9,8,Fail
10,87,73,1,9,Pass
4,81,87,8,6,Pass
1,52,51,6,4,Fail
1,94,62,5,8,Fail
5,88,54,6,5,Fail
10,86,72,7,9,Pass
9,99,96,0,9,Pass
8,71,52,7,7,Pass
3,57,62,2,5,Fail
5,66,77,2,5,Fail
6,76,71,5,6,Pass
10,82,84,3,4,Pass
5,95,89,3,6,Pass
7,66,74,3,4,Fail
3,91,40,9,8,Pass
0,61,86,8,6,Fail
6,97,97,7,7,Pass
2,95,84,2,4,Fail
5,76,44,0,6,Fail
1,97,96,0,7,Fail
8,57,52,0,5,Fail
0,72,93,3,9,Fail
5,91,44,5,8,Fail
5,98,99,3,8,Pass
4,78,71,10,5,Pass
4,99,90,10,6,Pass
0,69,60,2,9,Fail
9,65,63,7,5,Pass
4,66,99,7,7,Pass
1,65,57,5,9,Fail
6,68,60,8,4,Pass
2,57,93,9,6,Fail
3,87,49,0,9,Fail
2,87,63,7,4,Fail
2,78,79,5,5,Fail
3,90,86,0,8,Fail
4,85,60,3,9,Pass
0,75,64,4,9,Fail
3,80,91,6,4,Pass
10,93,99,7,4,Pass
7,61,96,8,8,Pass
9,66,98,5,4,Pass
6,64,62,9,4,Pass
8,58,61,8,9,Pass
4,88,43,3,8,Fail
9,91,73,7,8,Pass
3,97,95,2,9,Pass
7,61,45,3,5,Fail
8,81,67,9,5,Pass
6,74,70,3,9,Fail
6,88,74,5,4,Pass
4,67,78,8,6,Pass
3,64,81,5,5,Fail
9,81,62,0,5,Fail
0,55,45,4,9,Fail
9,93,55,8,9,Pass
9,92,41,4,6,Pass
6,84,63,5,6,Fail
0,83,56,2,8,Fail
0,87,84,7,9,Pass
4,54,40,9,5,Fail
8,67,45,10,7,Pass
5,65,44,3,7,Fail
2,57,96,3,4,Fail
2,74,84,10,5,Pass
6,81,99,4,7,Pass
5,75,94,9,5,Pass
8,71,89,8,9,Pass
5,80,68,7,5,Pass
4,92,51,6,7,Fail
9,59,78,4,5,Pass
6,61,86,8,6,Pass
0,77,42,8,4,Fail
6,55,87,9,8,Pass
2,69,40,9,7,Fail
8,54,66,1,9,Fail
5,72,87,3,8,Pass
8,58,63,7,4,Pass
4,78,83,0,6,Fail
6,65,58,4,6,Pass
3,95,98,7,6,Pass
6,71,47,1,6,Fail
0,57,94,1,7,Fail
6,69,83,7,7,Pass
7,100,86,9,5,Pass
4,63,41,8,9,Pass
1,88,100,6,5,Fail
4,86,69,7,9,Pass
5,99,69,4,4,Fail
1,83,88,0,5,Fail
5,60,78,3,4,Fail
5,89,84,1,4,Fail
0,82,71,2,4,Fail
0,80,40,2,6,Fail
10,93,77,8,8,Pass
9,83,52,9,8,Pass
2,99,50,3,7,Fail
9,56,49,1,4,Fail
9,98,87,2,6,Pass
2,72,98,2,5,Fail
3,95,65,6,5,Fail
1,56,95,7,7,Fail
8,74,94,10,7,Pass
9,52,59,5,4,Pass
10,87,56,3,4,Pass
6,69,56,5,5,Fail
6,83,43,10,5,Pass
5,98,44,0,5,Fail
2,93,99,9,5,Pass
5,93,62,7,8,Pass
7,79,85,0,4,Fail
7,66,91,4,4,Pass
10,59,49,1,5,Fail
8,84,85,5,6,Pass
0,69,67,8,5,Fail
0,67,72,4,9,Fail
2,94,82,3,7,Fail
2,93,65,1,9,Fail
9,76,94,2,6,Pass
7,98,89,5,7,Pass
9,85,87,7,6,Pass
0,72,68,7,7,Fail
1,81,66,4,5,Fail
1,59,57,4,5,Fail
2,60,79,9,6,Fail
5,87,99,2,7,Fail
0,55,49,6,8,Fail
1,90,97,5,6,Fail
0,96,81,0,6,Fail
4,83,44,3,9,Fail
6,85,49,5,4,Fail
7,86,89,10,6,Pass
9,66,60,5,8,Pass
0,89,63,10,5,Fail
6,89,77,2,7,Pass
4,61,42,5,4,Fail
9,70,79,9,7,Pass
0,89,70,5,5,Fail
2,68,80,8,6,Pass
6,52,76,8,9,Pass
9,67,100,1,8,Pass
0,100,41,3,4,Fail
6,68,41,8,8,Fail
4,96,78,3,8,Pass
0,55,88,7,8,Fail
0,65,81,9,8,Fail
0,57,83,2,5,Fail
10,97,73,2,8,Pass
8,67,81,8,9,Pass
10,97,59,10,8,Pass
2,92,72,9,5,Fail
4,88,43,7,7,Pass
10,98,84,0,5,Pass
9,98,83,9,9,Pass
8,61,50,1,9,Fail
5,94,100,2,6,Pass
8,59,81,10,5,Pass
7,56,86,1,7,Fail
7,95,44,2,6,Fail
0,50,64,7,6,Fail
8,98,88,10,4,Pass
5,85,99,10,8,Pass
8,70,76,5,6,Pass
2,86,73,6,6,Fail
2,73,48,9,9,Fail
5,74,45,9,7,Pass
8,56,57,5,6,Fail
6,91,53,0,7,Fail
2,66,58,10,8,Fail
2,78,53,2,9,Fail
1,79,79,0,4,Fail
8,56,56,9,4,Pass
2,82,99,8,8,Pass
10,56,74,8,8,Pass
4,73,68,4,9,Fail
8,60,81,3,9,Pass
7,58,56,8,5,Pass
1,61,98,8,6,Pass
2,84,82,2,6,Fail
1,53,47,4,6,Fail
7,85,40,2,7,Fail
5,77,84,9,5,Pass
5,62,92,1,6,Fail
8,72,75,0,7,Pass
7,68,46,9,7,Pass
3,91,85,1,4,Fail
3,86,44,7,7,Fail
8,88,63,10,8,Pass
0,73,67,7,9,Fail
1,65,82,2,7,Fail
1,82,56,6,8,Fail
5,61,76,6,8,Pass
3,83,59,1,4,Fail
10,56,42,8,4,Pass
9,60,76,2,7,Pass
2,80,65,1,4,Fail
2,78,54,2,4,Fail
2,62,90,1,9,Fail
5,80,87,7,6,Pass
7,51,47,4,7,Fail
10,88,52,2,7,Pass
6,64,87,4,7,Pass
3,60,42,10,4,Fail
10,83,40,10,9,Pass
3,88,48,7,4,Fail
10,53,70,6,8,Pass
9,60,80,5,5,Pass
10,78,93,0,5,Pass
10,51,65,9,5,Pass
10,65,56,0,6,Fail
1,88,95,0,4,Fail
0,62,73,9,8,Fail
8,86,48,7,8,Pass
1,66,95,7,5,Fail
7,70,90,6,9,Pass
8,93,52,5,6,Pass
3,68,44,3,6,Fail
7,56,80,0,5,Fail
8,87,52,8,5,Pass
9,57,40,0,4,Fail
9,62,64,3,9,Pass
4,86,86,2,6,Fail
6,51,43,6,8,Pass
9,90,75,4,5,Pass
3,60,91,4,4,Fail
0,73,49,3,8,Fail
2,55,67,0,6,Fail
4,75,96,4,5,Pass
2,56,45,3,9,Fail
10,88,66,9,5,Pass
6,68,95,7,9,Pass
8,55,51,1,4,Fail
5,92,91,7,4,Pass
9,78,87,0,6,Pass
0,92,42,3,9,Fail
6,88,85,2,5,Pass
2,51,72,4,4,Fail
4,68,49,4,5,Fail
9,53,70,4,6,Pass
3,55,54,3,9,Fail
9,98,46,7,5,Pass
4,86,75,2,8,Fail
4,77,53,3,5,Fail
5,79,95,0,7,Pass
9,56,87,6,7,Pass
9,58,53,0,6,Fail
10,74,42,1,6,Fail
5,82,88,10,6,Pass
7,50,92,6,8,Pass
7,100,85,0,9,Pass
10,55,89,10,8,Pass
8,67,42,2,5,Fail
7,59,61,5,4,Fail
10,77,58,5,9,Pass
1,60,74,5,7,Fail
9,82,51,10,7,Pass
10,50,93,1,7,Pass
0,62,44,1,5,Fail
9,86,49,5,5,Pass
1,69,80,9,6,Pass
1,50,72,4,4,Fail
2,52,52,6,6,Fail
9,67,74,6,5,Pass
6,90,90,4,8,Pass
1,63,71,7,6,Pass
0,80,50,9,9,Fail
5,76,87,5,5,Pass
8,66,77,4,5,Fail
2,95,63,3,8,Fail
5,78,74,6,8,Pass
2,85,58,3,8,Fail
0,86,45,4,4,Fail
4,75,79,4,9,Fail
9,66,93,0,5,Pass
10,71,84,0,8,Pass
3,74,83,2,4,Fail
6,51,81,10,7,Pass
5,71,74,2,9,Pass
9,54,43,1,7,Fail
6,53,72,1,7,Fail
4,85,52,5,5,Fail
3,55,95,0,4,Fail
6,70,75,5,4,Fail
6,62,93,4,7,Pass
5,86,82,5,9,Pass
7,74,58,4,6,Pass
3,75,82,6,7,Pass
9,88,51,0,5,Fail
4,69,50,2,7,Fail
3,82,45,5,9,Fail
0,63,51,0,9,Fail
7,85,66,10,7,Pass
0,66,80,10,4,Pass
4,70,64,6,7,Pass
5,95,81,3,8,Pass
5,65,42,2,8,Fail
4,95,42,9,6,Pass
2,65,59,8,5,Fail
4,69,67,0,5,Fail
7,78,62,7,4,Pass
1,77,87,0,5,Fail
5,57,42,4,6,Fail
8,73,81,9,8,Pass
7,52,63,7,4,Pass
10,74,82,5,9,Pass
7,68,79,6,8,Pass
7,82,45,10,6,Pass
6,51,59,7,4,Fail
7,64,50,5,7,Fail
5,71,71,10,5,Pass
1,59,99,5,6,Fail
1,67,66,10,4,Fail
7,71,60,5,8,Pass
10,95,83,4,4,Pass
0,98,87,7,7,Fail
5,76,89,1,6,Fail
5,62,52,6,4,Fail
10,82,61,3,9,Pass
3,54,74,0,6,Fail
10,75,86,4,6,Pass
10,62,61,2,8,Pass
9,76,67,3,5,Fail
2,63,60,6,9,Fail
10,73,85,4,7,Pass
2,52,57,3,4,Fail
0,96,70,0,5,Fail
2,100,99,5,8,Pass
3,98,100,10,5,Pass
10,79,85,9,6,Pass
10,84,76,5,6,Pass
4,97,60,6,7,Pass
2,63,53,0,9,Fail
5,61,64,3,4,Fail
10,77,66,8,4,Pass
4,93,79,9,8,Pass
2,78,99,5,7,Fail
5,92,99,1,4,Fail
5,66,62,3,9,Pass
7,89,70,5,6,Pass
1,98,86,3,7,Fail
0,70,99,9,5,Fail
3,72,68,6,7,Fail
6,69,86,2,7,Fail
10,60,69,5,9,Pass
9,83,90,3,9,Pass
2,59,65,2,4,Fail
2,59,59,2,8,Fail
4,92,77,1,8,Fail
4,55,58,10,9,Fail
9,85,66,2,4,Pass
2,73,64,9,4,Fail
8,61,79,0,4,Fail
3,92,77,2,9,Fail
2,72,91,8,8,Pass
10,76,62,3,4,Pass
1,94,68,2,9,Fail
9,86,54,7,5,Pass
10,55,98,0,5,Fail
8,50,42,4,6,Fail
3,55,49,0,5,Fail
2,99,54,6,7,Fail
6,71,95,4,6,Pass
7,90,55,1,5,Fail
10,73,56,0,7,Pass
1,74,58,10,5,Fail
6,64,50,6,9,Pass
4,75,87,0,7,Fail
10,57,44,2,4,Fail
4,100,44,10,9,Pass
2,73,97,5,7,Fail
4,97,53,5,9,Fail
1,87,89,6,4,Fail
3,55,65,10,7,Pass
5,84,47,10,7,Pass
0,91,44,0,9,Fail
9,50,46,6,5,Pass
3,95,55,1,7,Fail
5,85,94,5,5,Pass
8,61,53,7,7,Pass
10,87,76,4,8,Pass
10,60,95,9,6,Pass
1,61,80,2,5,Fail
10,91,43,10,5,Pass
6,99,75,7,4,Pass
5,88,87,7,8,Pass
1,56,95,3,4,Fail
7,60,56,7,8,Pass
6,85,86,4,8,Pass
10,80,75,10,9,Pass
4,82,45,4,9,Fail
4,62,55,2,9,Fail
6,67,68,6,7,Pass
8,90,75,10,4,Pass
10,73,77,10,6,Pass
8,58,76,8,8,Pass
8,80,87,8,8,Pass
5,90,96,0,5,Fail
9,59,87,0,7,Pass
5,51,49,9,6,Pass
2,87,80,10,9,Pass
0,64,75,4,8,Fail
6,52,68,0,5,Fail
3,92,53,3,4,Fail
0,80,43,0,8,Fail
7,55,83,1,5,Fail
5,52,95,1,4,Fail
5,60,81,3,7,Pass
1,64,75,7,9,Pass
0,94,89,1,4,Fail
1,77,84,8,8,Pass
3,59,52,8,6,Fail
1,87,85,1,4,Fail
0,96,57,0,6,Fail
6,99,72,9,6,Pass
10,99,60,9,4,Pass
10,56,55,8,7,Pass
7,64,54,1,4,Fail
5,67,93,7,5,Pass
3,67,96,2,9,Fail
5,90,44,0,6,Fail
2,73,100,10,9,Pass
7,51,45,0,8,Fail
9,89,77,9,6,Pass
1,69,42,1,8,Fail
4,83,87,6,5,Pass
0,92,51,5,5,Fail
5,75,75,10,9,Pass
1,56,72,1,5,Fail
3,87,75,3,4,Fail
5,79,72,1,6,Fail
9,91,70,0,8,Pass
10,54,60,2,9,Pass
7,60,66,3,9,Pass
7,50,66,9,5,Pass
10,83,47,4,5,Pass
5,50,95,4,8,Pass
3,68,76,6,6,Fail
7,51,71,9,6,Pass
7,70,65,7,9,Pass
9,69,41,8,8,Pass
0,72,51,6,9,Fail
3,70,61,4,7,Fail
3,73,56,8,6,Pass
6,53,46,7,8,Fail
10,61,82,9,8,Pass
6,71,43,8,9,Pass
10,69,76,9,5,Pass
7,67,77,7,8,Pass
10,50,71,5,9,Pass
4,79,50,3,4,Fail
6,82,40,8,5,Fail
7,73,64,8,5,Pass
8,63,81,9,6,Pass
2,85,91,9,7,Pass
2,54,63,8,6,Fail
3,60,92,9,4,Pass
4,73,82,2,9,Fail
9,80,95,10,5,Pass
0,62,56,2,5,Fail
6,65,47,10,8,Pass
8,73,98,5,7,Pass
7,62,84,5,7,Pass
4,73,66,5,8,Fail
3,75,91,4,4,Fail
6,51,57,4,7,Fail
4,65,66,1,5,Fail
6,87,61,6,4,Pass
0,95,55,3,6,Fail
0,50,41,2,6,Fail
9,98,44,7,4,Pass
2,60,57,3,5,Fail
10,100,42,10,6,Pass
1,84,66,3,9,Fail
1,92,93,7,5,Pass
6,78,56,0,8,Fail
9,86,55,8,7,Pass
1,66,45,6,4,Fail
10,88,90,1,7,Pass
3,91,46,10,8,Pass
1,77,89,5,6,Fail
5,78,53,7,9,Pass
7,92,77,10,5,Pass
9,52,79,4,5,Pass
3,59,54,5,8,Fail
4,91,86,9,4,Pass
3,63,86,7,7,Pass
2,61,87,5,9,Pass
4,96,72,8,6,Pass
8,91,82,8,4,Pass
7,79,66,8,9,Pass
7,81,68,5,9,Pass
7,81,96,8,8,Pass
7,91,76,2,8,Pass
6,81,44,4,5,Fail
7,75,68,1,6,Fail
10,100,71,7,4,Pass
7,50,99,10,5,Pass
7,91,92,3,6,Pass
9,51,45,5,7,Pass
6,66,41,5,7,Fail
0,79,45,4,5,Fail
3,88,85,0,4,Fail
3,56,82,10,6,Pass
4,76,43,6,7,Fail
9,58,95,9,7,Pass
5,71,68,7,4,Fail
3,83,98,0,5,Fail
1,95,64,9,8,Pass
5,98,48,6,9,Pass
7,50,95,3,6,Fail
7,58,42,5,7,Fail
6,69,65,8,9,Pass
5,68,87,4,9,Pass
1,85,82,7,8,Fail
6,89,66,4,9,Fail
10,94,75,1,4,Pass
4,53,71,3,5,Fail
5,58,40,1,6,Fail
9,90,96,6,4,Pass
7,71,92,6,5,Pass
7,67,93,2,4,Pass
2,61,55,6,7,Fail
6,91,90,0,7,Pass
0,92,87,0,8,Fail
0,88,50,8,4,Fail
6,58,65,5,9,Fail
9,55,79,4,7,Pass
8,68,94,5,5,Pass
6,97,40,5,8,Pass
9,96,65,0,9,Pass
4,56,67,4,6,Fail
7,65,92,8,4,Pass
1,54,97,3,7,Fail
8,65,48,2,9,Fail
5,50,99,0,5,Fail
8,100,98,1,4,Pass
1,86,83,2,5,Fail
2,88,61,3,8,Fail
7,68,47,6,7,Fail
0,86,97,5,7,Pass
9,66,88,10,8,Pass
6,75,81,7,5,Pass
6,71,66,8,4,Pass
0,57,78,5,5,Fail
8,82,58,6,4,Pass
7,51,64,3,9,Fail
3,79,77,1,8,Fail
9,96,60,8,6,Pass
10,69,63,8,4,Pass
4,67,63,3,7,Fail
1,92,99,2,9,Fail
8,59,99,9,7,Pass
5,73,58,10,9,Pass
2,53,89,5,7,Fail
6,86,86,2,5,Pass
8,53,41,0,5,Fail
2,62,53,3,5,Fail
1,74,92,0,9,Fail
6,62,71,1,9,Fail
6,67,81,2,7,Pass
3,73,71,7,4,Pass
10,51,67,9,9,Pass
8,97,87,3,7,Pass
7,82,78,3,4,Fail
0,68,79,9,5,Fail
0,58,81,8,9,Fail
4,77,86,6,6,Fail
5,84,79,1,5,Fail
2,88,52,2,8,Fail
8,59,51,3,4,Fail
9,50,47,3,6,Fail
5,91,54,9,5,Pass
3,70,65,7,9,Fail
6,58,51,9,6,Pass
7,96,82,9,7,Pass
8,64,90,5,4,Pass
10,84,85,2,8,Pass
5,54,66,10,7,Pass
5,90,57,8,6,Pass
7,71,84,9,5,Pass
4,90,75,7,4,Pass
2,72,88,8,9,Pass
2,56,90,4,8,Fail
5,72,66,2,5,Fail
1,93,48,3,8,Fail
5,74,94,4,9,Pass
5,76,78,8,4,Pass
7,90,40,8,6,Pass
6,55,46,2,8,Fail
7,83,65,6,4,Pass
8,58,46,5,8,Pass
5,98,91,3,5,Pass
2,82,46,4,8,Fail
9,100,47,9,5,Pass
2,55,55,1,5,Fail
10,86,42,10,4,Pass
0,80,84,6,7,Fail
10,83,49,3,9,Pass
4,90,89,1,8,Pass
3,78,46,10,6,Pass
8,63,60,5,5,Pass
8,85,92,10,7,Pass
4,85,76,1,5,Fail
9,64,70,9,7,Pass
3,57,62,1,7,Fail
6,75,96,6,6,Pass
5,85,66,0,7,Fail
3,97,95,6,6,Pass
9,70,61,9,4,Pass
1,77,78,4,5,Fail
0,53,96,0,6,Fail
3,65,66,5,9,Fail
3,71,93,6,5,Fail
0,61,88,0,9,Fail
5,65,43,8,8,Pass
3,100,63,6,9,Pass
0,89,62,0,4,Fail
0,87,87,2,8,Fail
0,91,58,4,8,Fail
7,86,81,3,7,Pass
9,78,42,1,9,Pass
7,67,66,0,7,Fail
1,59,42,3,9,Fail
10,91,67,6,8,Pass
6,88,56,10,7,Pass
7,67,70,3,5,Fail
7,50,49,8,9,Pass
10,88,88,7,9,Pass
9,70,61,7,7,Pass
10,50,69,4,9,Pass
6,64,88,0,8,Fail
4,53,60,8,7,Fail
